key,dataset,seq_name,annotation_source,evaluation_mode,frame_count,ground_truth_frames,scored_frames,matched_prediction_frames,row_index,sequence_id,auc,norm_precision,accuracy_score,total_lost_frames,video_path,annotation_path,match_type,local_label,warning,error
dataset1/basketball,dataset1,basketball,none,unscored,324,0,0,324,0,dataset1__basketball,,,,119,C:\Users\yousif\Documents\AIC Data\aic-data\dataset1\basketball\basketball.mp4,,unmatched,,,
dataset1/basketball_2,dataset1,basketball_2,none,unscored,184,0,0,184,1,dataset1__basketball_2,,,,21,C:\Users\yousif\Documents\AIC Data\aic-data\dataset1\basketball_2\basketball_2.mp4,,unmatched,,,
dataset1/basketball_3,dataset1,basketball_3,none,unscored,181,0,0,181,2,dataset1__basketball_3,,,,56,C:\Users\yousif\Documents\AIC Data\aic-data\dataset1\basketball_3\basketball_3.mp4,,unmatched,,,
dataset1/Car_video,dataset1,Car_video,none,unscored,585,0,0,585,3,dataset1__Car_video,,,,0,C:\Users\yousif\Documents\AIC Data\aic-data\dataset1\Car_video\Car_video.mp4,,unmatched,,,
dataset1/Car_video_2,dataset1,Car_video_2,aic,unscored,0,0,0,0,4,dataset1__Car_video_2,,,,0,C:\Users\yousif\Documents\AIC Data\aic-data\dataset1\Car_video_2\Car_video_2.mp4,C:\Users\yousif\Documents\AIC Data\aic-data\dataset1\Car_video_2\annotation.txt,unmatched,,,
dataset1/Car_video_3,dataset1,Car_video_3,aic,unscored,0,0,0,0,5,dataset1__Car_video_3,,,,0,C:\Users\yousif\Documents\AIC Data\aic-data\dataset1\Car_video_3\Car_video_3.mp4,C:\Users\yousif\Documents\AIC Data\aic-data\dataset1\Car_video_3\annotation.txt,unmatched,,,
dataset1/Car_video_4,dataset1,Car_video_4,none,unscored,415,0,0,415,6,dataset1__Car_video_4,,,,0,C:\Users\yousif\Documents\AIC Data\aic-data\dataset1\Car_video_4\Car_video_4.mp4,,unmatched,,,
dataset1/cows,dataset1,cows,none,unscored,489,0,0,489,7,dataset1__cows,,,,0,C:\Users\yousif\Documents\AIC Data\aic-data\dataset1\cows\cows.mp4,,unmatched,,,
dataset1/horse_4,dataset1,horse_4,aic,unscored,0,0,0,0,8,dataset1__horse_4,,,,0,C:\Users\yousif\Documents\AIC Data\aic-data\dataset1\horse_4\horse_4.mp4,C:\Users\yousif\Documents\AIC Data\aic-data\dataset1\horse_4\annotation.txt,unmatched,,,
dataset1/horse_6,dataset1,horse_6,aic,unscored,0,0,0,0,9,dataset1__horse_6,,,,0,C:\Users\yousif\Documents\AIC Data\aic-data\dataset1\horse_6\horse_6.mp4,C:\Users\yousif\Documents\AIC Data\aic-data\dataset1\horse_6\annotation.txt,unmatched,,,
dataset1/motorcycle,dataset1,motorcycle,aic,unscored,0,0,0,0,10,dataset1__motorcycle,,,,0,C:\Users\yousif\Documents\AIC Data\aic-data\dataset1\motorcycle\motorcycle.mp4,C:\Users\yousif\Documents\AIC Data\aic-data\dataset1\motorcycle\annotation.txt,unmatched,,,
dataset1/person_3,dataset1,person_3,none,unscored,930,0,0,930,11,dataset1__person_3,,,,82,C:\Users\yousif\Documents\AIC Data\aic-data\dataset1\person_3\person_3.mp4,,unmatched,,,
dataset1/person_4,dataset1,person_4,aic,unscored,0,0,0,0,12,dataset1__person_4,,,,0,C:\Users\yousif\Documents\AIC Data\aic-data\dataset1\person_4\person_4.mp4,C:\Users\yousif\Documents\AIC Data\aic-data\dataset1\person_4\annotation.txt,unmatched,,,
dataset1/plane,dataset1,plane,aic,unscored,0,0,0,0,13,dataset1__plane,,,,0,C:\Users\yousif\Documents\AIC Data\aic-data\dataset1\plane\plane.mp4,C:\Users\yousif\Documents\AIC Data\aic-data\dataset1\plane\annotation.txt,unmatched,,,
dataset1/sheeps,dataset1,sheeps,none,unscored,283,0,0,283,14,dataset1__sheeps,,,,0,C:\Users\yousif\Documents\AIC Data\aic-data\dataset1\sheeps\sheeps.mp4,,unmatched,,,
dataset1/sheeps_2,dataset1,sheeps_2,none,unscored,240,0,0,240,15,dataset1__sheeps_2,,,,0,C:\Users\yousif\Documents\AIC Data\aic-data\dataset1\sheeps_2\sheeps_2.mp4,,unmatched,,,
dataset1/surfer,dataset1,surfer,aic,unscored,0,0,0,0,16,dataset1__surfer,,,,0,C:\Users\yousif\Documents\AIC Data\aic-data\dataset1\surfer\surfer.mp4,C:\Users\yousif\Documents\AIC Data\aic-data\dataset1\surfer\annotation.txt,unmatched,,,
dataset1/surfer_1,dataset1,surfer_1,none,unscored,743,0,0,743,17,dataset1__surfer_1,,,,139,C:\Users\yousif\Documents\AIC Data\aic-data\dataset1\surfer_1\surfer_1.mp4,,unmatched,,,
dataset1/volleyball,dataset1,volleyball,aic,unscored,0,0,0,0,18,dataset1__volleyball,,,,0,C:\Users\yousif\Documents\AIC Data\aic-data\dataset1\volleyball\volleyball.mp4,C:\Users\yousif\Documents\AIC Data\aic-data\dataset1\volleyball\annotation.txt,unmatched,,,
dataset2/Animal1,dataset2,Animal1,aic,unscored,0,0,0,0,19,dataset2__Animal1,,,,0,C:\Users\yousif\Documents\AIC Data\aic-data\dataset2\Animal1\Animal1_30.mp4,C:\Users\yousif\Documents\AIC Data\aic-data\dataset2\Animal1\annotation.txt,matched,DTB70/Animal1,,
dataset2/Animal2,dataset2,Animal2,aic,unscored,0,0,0,0,20,dataset2__Animal2,,,,0,C:\Users\yousif\Documents\AIC Data\aic-data\dataset2\Animal2\Animal2_30.mp4,C:\Users\yousif\Documents\AIC Data\aic-data\dataset2\Animal2\annotation.txt,matched,DTB70/Animal2,,
dataset2/Animal3,dataset2,Animal3,local,scored,309,309,309,309,21,dataset2__Animal3,0.23038989058406537,0.17568192325473878,0.2085067036523347,0,C:\Users\yousif\Documents\AIC Data\aic-data\dataset2\Animal3\Animal3_30.mp4,C:\Users\yousif\Documents\AIC Data\our-data\DTB70\Animal3\groundtruth_rect.txt,matched,DTB70/Animal3,,
dataset2/Animal4,dataset2,Animal4,aic,unscored,0,0,0,0,22,dataset2__Animal4,,,,0,C:\Users\yousif\Documents\AIC Data\aic-data\dataset2\Animal4\Animal4_24.mp4,C:\Users\yousif\Documents\AIC Data\aic-data\dataset2\Animal4\annotation.txt,matched,DTB70/Animal4,,
dataset2/Basketball,dataset2,Basketball,aic,unscored,0,0,0,0,23,dataset2__Basketball,,,,0,C:\Users\yousif\Documents\AIC Data\aic-data\dataset2\Basketball\Basketball_24.mp4,C:\Users\yousif\Documents\AIC Data\aic-data\dataset2\Basketball\annotation.txt,matched,DTB70/Basketball,,
dataset2/BMX2,dataset2,BMX2,aic,unscored,0,0,0,0,24,dataset2__BMX2,,,,0,C:\Users\yousif\Documents\AIC Data\aic-data\dataset2\BMX2\BMX2_30.mp4,C:\Users\yousif\Documents\AIC Data\aic-data\dataset2\BMX2\annotation.txt,matched,DTB70/BMX2,,
dataset2/BMX3,dataset2,BMX3,aic,unscored,0,0,0,0,25,dataset2__BMX3,,,,0,C:\Users\yousif\Documents\AIC Data\aic-data\dataset2\BMX3\BMX3_30.mp4,C:\Users\yousif\Documents\AIC Data\aic-data\dataset2\BMX3\annotation.txt,matched,DTB70/BMX3,,
dataset2/BMX4,dataset2,BMX4,aic,unscored,0,0,0,0,26,dataset2__BMX4,,,,0,C:\Users\yousif\Documents\AIC Data\aic-data\dataset2\BMX4\BMX4_30.mp4,C:\Users\yousif\Documents\AIC Data\aic-data\dataset2\BMX4\annotation.txt,matched,DTB70/BMX4,,
dataset2/BMX5,dataset2,BMX5,aic,unscored,0,0,0,0,27,dataset2__BMX5,,,,0,C:\Users\yousif\Documents\AIC Data\aic-data\dataset2\BMX5\BMX5_30.mp4,C:\Users\yousif\Documents\AIC Data\aic-data\dataset2\BMX5\annotation.txt,matched,DTB70/BMX5,,
dataset2/Car2,dataset2,Car2,aic,unscored,0,0,0,0,28,dataset2__Car2,,,,0,C:\Users\yousif\Documents\AIC Data\aic-data\dataset2\Car2\Car2_24.mp4,C:\Users\yousif\Documents\AIC Data\aic-data\dataset2\Car2\annotation.txt,matched,DTB70/Car2,,
dataset2/Car4,dataset2,Car4,local,scored,217,217,217,217,29,dataset2__Car4,0.8178626289225367,0.9098090849242924,0.8546412113232389,0,C:\Users\yousif\Documents\AIC Data\aic-data\dataset2\Car4\Car4_24.mp4,C:\Users\yousif\Documents\AIC Data\our-data\DTB70\Car4\groundtruth_rect.txt,matched,DTB70/Car4,,
dataset2/Car5,dataset2,Car5,local,scored,84,84,84,84,30,dataset2__Car5,0.8622448979591837,0.9178004535147393,0.8844671201814059,0,C:\Users\yousif\Documents\AIC Data\aic-data\dataset2\Car5\Car5_30.mp4,C:\Users\yousif\Documents\AIC Data\our-data\DTB70\Car5\groundtruth_rect.txt,matched,DTB70/Car5,,
dataset2/Car6,dataset2,Car6,aic,unscored,0,0,0,0,31,dataset2__Car6,,,,0,C:\Users\yousif\Documents\AIC Data\aic-data\dataset2\Car6\Car6_24.mp4,C:\Users\yousif\Documents\AIC Data\aic-data\dataset2\Car6\annotation.txt,matched,DTB70/Car6,,
dataset2/Car8,dataset2,Car8,aic,unscored,0,0,0,0,32,dataset2__Car8,,,,0,C:\Users\yousif\Documents\AIC Data\aic-data\dataset2\Car8\Car8_24.mp4,C:\Users\yousif\Documents\AIC Data\aic-data\dataset2\Car8\annotation.txt,matched,DTB70/Car8,,
dataset2/ChasingDrones,dataset2,ChasingDrones,aic,unscored,0,0,0,0,33,dataset2__ChasingDrones,,,,0,C:\Users\yousif\Documents\AIC Data\aic-data\dataset2\ChasingDrones\ChasingDrones_24.mp4,C:\Users\yousif\Documents\AIC Data\aic-data\dataset2\ChasingDrones\annotation.txt,matched,DTB70/ChasingDrones,,
dataset2/Girl1,dataset2,Girl1,aic,unscored,0,0,0,0,34,dataset2__Girl1,,,,0,C:\Users\yousif\Documents\AIC Data\aic-data\dataset2\Girl1\Girl1_30.mp4,C:\Users\yousif\Documents\AIC Data\aic-data\dataset2\Girl1\annotation.txt,matched,DTB70/Girl1,,
dataset2/Girl2,dataset2,Girl2,aic,unscored,0,0,0,0,35,dataset2__Girl2,,,,0,C:\Users\yousif\Documents\AIC Data\aic-data\dataset2\Girl2\Girl2_24.mp4,C:\Users\yousif\Documents\AIC Data\aic-data\dataset2\Girl2\annotation.txt,matched,DTB70/Girl2,,
dataset2/Gull1,dataset2,Gull1,aic,unscored,0,0,0,0,36,dataset2__Gull1,,,,0,C:\Users\yousif\Documents\AIC Data\aic-data\dataset2\Gull1\Gull1_24.mp4,C:\Users\yousif\Documents\AIC Data\aic-data\dataset2\Gull1\annotation.txt,matched,DTB70/Gull1,,
dataset2/Gull2,dataset2,Gull2,aic,unscored,0,0,0,0,37,dataset2__Gull2,,,,0,C:\Users\yousif\Documents\AIC Data\aic-data\dataset2\Gull2\Gull2_24.mp4,C:\Users\yousif\Documents\AIC Data\aic-data\dataset2\Gull2\annotation.txt,matched,DTB70/Gull2,,
dataset2/Horse1,dataset2,Horse1,local,scored,149,149,149,149,38,dataset2__Horse1,0.7443272611057846,0.8427612655800577,0.7837008628954938,0,C:\Users\yousif\Documents\AIC Data\aic-data\dataset2\Horse1\Horse1_24.mp4,C:\Users\yousif\Documents\AIC Data\our-data\DTB70\Horse1\groundtruth_rect.txt,matched,DTB70/Horse1,,
dataset2/Horse2,dataset2,Horse2,aic,unscored,0,0,0,0,39,dataset2__Horse2,,,,0,C:\Users\yousif\Documents\AIC Data\aic-data\dataset2\Horse2\Horse2_24.mp4,C:\Users\yousif\Documents\AIC Data\aic-data\dataset2\Horse2\annotation.txt,matched,DTB70/Horse2,,
dataset2/Kiting,dataset2,Kiting,aic,unscored,0,0,0,0,40,dataset2__Kiting,,,,0,C:\Users\yousif\Documents\AIC Data\aic-data\dataset2\Kiting\Kiting_24.mp4,C:\Users\yousif\Documents\AIC Data\aic-data\dataset2\Kiting\annotation.txt,matched,DTB70/Kiting,,
dataset2/ManRunning1,dataset2,ManRunning1,aic,unscored,0,0,0,0,41,dataset2__ManRunning1,,,,0,C:\Users\yousif\Documents\AIC Data\aic-data\dataset2\ManRunning1\ManRunning1_24.mp4,C:\Users\yousif\Documents\AIC Data\aic-data\dataset2\ManRunning1\annotation.txt,matched,DTB70/ManRunning1,,
dataset2/ManRunning2,dataset2,ManRunning2,aic,unscored,0,0,0,0,42,dataset2__ManRunning2,,,,0,C:\Users\yousif\Documents\AIC Data\aic-data\dataset2\ManRunning2\ManRunning2_24.mp4,C:\Users\yousif\Documents\AIC Data\aic-data\dataset2\ManRunning2\annotation.txt,matched,DTB70/ManRunning2,,
dataset2/Motor1,dataset2,Motor1,local,scored,78,78,78,78,43,dataset2__Motor1,0.4993894993894994,0.7087912087912088,0.5831501831501832,0,C:\Users\yousif\Documents\AIC Data\aic-data\dataset2\Motor1\Motor1_24.mp4,C:\Users\yousif\Documents\AIC Data\our-data\DTB70\Motor1\groundtruth_rect.txt,matched,DTB70/Motor1,,
dataset2/Motor2,dataset2,Motor2,aic,unscored,0,0,0,0,44,dataset2__Motor2,,,,0,C:\Users\yousif\Documents\AIC Data\aic-data\dataset2\Motor2\Motor2_24.mp4,C:\Users\yousif\Documents\AIC Data\aic-data\dataset2\Motor2\annotation.txt,matched,DTB70/Motor2,,
dataset2/MountainBike1,dataset2,MountainBike1,aic,unscored,0,0,0,0,45,dataset2__MountainBike1,,,,0,C:\Users\yousif\Documents\AIC Data\aic-data\dataset2\MountainBike1\MountainBike1_30.mp4,C:\Users\yousif\Documents\AIC Data\aic-data\dataset2\MountainBike1\annotation.txt,matched,DTB70/MountainBike1,,
dataset2/MountainBike5,dataset2,MountainBike5,local,scored,107,107,107,107,46,dataset2__MountainBike5,0.7721406319537161,0.8793947485536271,0.8150422785936805,0,C:\Users\yousif\Documents\AIC Data\aic-data\dataset2\MountainBike5\MountainBike5_30.mp4,C:\Users\yousif\Documents\AIC Data\our-data\DTB70\MountainBike5\groundtruth_rect.txt,matched,DTB70/MountainBike5,,
dataset2/MountainBike6,dataset2,MountainBike6,aic,unscored,0,0,0,0,47,dataset2__MountainBike6,,,,0,C:\Users\yousif\Documents\AIC Data\aic-data\dataset2\MountainBike6\MountainBike6_30.mp4,C:\Users\yousif\Documents\AIC Data\aic-data\dataset2\MountainBike6\annotation.txt,matched,DTB70/MountainBike6,,
dataset2/Paragliding3,dataset2,Paragliding3,aic,unscored,0,0,0,0,48,dataset2__Paragliding3,,,,0,C:\Users\yousif\Documents\AIC Data\aic-data\dataset2\Paragliding3\Paragliding3_24.mp4,C:\Users\yousif\Documents\AIC Data\aic-data\dataset2\Paragliding3\annotation.txt,matched,DTB70/Paragliding3,,
dataset2/Paragliding5,dataset2,Paragliding5,aic,unscored,0,0,0,0,49,dataset2__Paragliding5,,,,0,C:\Users\yousif\Documents\AIC Data\aic-data\dataset2\Paragliding5\Paragliding5_24.mp4,C:\Users\yousif\Documents\AIC Data\aic-data\dataset2\Paragliding5\annotation.txt,matched,DTB70/Paragliding5,,
dataset2/RaceCar,dataset2,RaceCar,aic,unscored,0,0,0,0,50,dataset2__RaceCar,,,,0,C:\Users\yousif\Documents\AIC Data\aic-data\dataset2\RaceCar\RaceCar_24.mp4,C:\Users\yousif\Documents\AIC Data\aic-data\dataset2\RaceCar\annotation.txt,matched,DTB70/RaceCar,,
dataset2/RaceCar1,dataset2,RaceCar1,local,scored,249,249,249,249,51,dataset2__RaceCar1,0.7131382673551349,0.8389749474086822,0.7634729393765538,0,C:\Users\yousif\Documents\AIC Data\aic-data\dataset2\RaceCar1\RaceCar1_24.mp4,C:\Users\yousif\Documents\AIC Data\our-data\DTB70\RaceCar1\groundtruth_rect.txt,matched,DTB70/RaceCar1,,
dataset2/RcCar3,dataset2,RcCar3,aic,unscored,0,0,0,0,52,dataset2__RcCar3,,,,0,C:\Users\yousif\Documents\AIC Data\aic-data\dataset2\RcCar3\RcCar3_24.mp4,C:\Users\yousif\Documents\AIC Data\aic-data\dataset2\RcCar3\annotation.txt,matched,DTB70/RcCar3,,
dataset2/RcCar4,dataset2,RcCar4,local,scored,699,670,670,699,53,dataset2__RcCar4,0.7289978678038379,0.8221748400852879,0.7662686567164179,88,C:\Users\yousif\Documents\AIC Data\aic-data\dataset2\RcCar4\RcCar4_24.mp4,C:\Users\yousif\Documents\AIC Data\our-data\DTB70\RcCar4\groundtruth_rect.txt,matched,DTB70/RcCar4,,
dataset2/RcCar5,dataset2,RcCar5,aic,unscored,0,0,0,0,54,dataset2__RcCar5,,,,0,C:\Users\yousif\Documents\AIC Data\aic-data\dataset2\RcCar5\RcCar5_24.mp4,C:\Users\yousif\Documents\AIC Data\aic-data\dataset2\RcCar5\annotation.txt,matched,DTB70/RcCar5,,
dataset2/RcCar6,dataset2,RcCar6,local,scored,210,210,210,210,55,dataset2__RcCar6,0.7306122448979592,0.8213151927437641,0.7668934240362811,0,C:\Users\yousif\Documents\AIC Data\aic-data\dataset2\RcCar6\RcCar6_24.mp4,C:\Users\yousif\Documents\AIC Data\our-data\DTB70\RcCar6\groundtruth_rect.txt,matched,DTB70/RcCar6,,
dataset2/RcCar7,dataset2,RcCar7,aic,unscored,0,0,0,0,56,dataset2__RcCar7,,,,0,C:\Users\yousif\Documents\AIC Data\aic-data\dataset2\RcCar7\RcCar7_24.mp4,C:\Users\yousif\Documents\AIC Data\aic-data\dataset2\RcCar7\annotation.txt,matched,DTB70/RcCar7,,
dataset2/RcCar8,dataset2,RcCar8,aic,unscored,0,0,0,0,57,dataset2__RcCar8,,,,0,C:\Users\yousif\Documents\AIC Data\aic-data\dataset2\RcCar8\RcCar8_24.mp4,C:\Users\yousif\Documents\AIC Data\aic-data\dataset2\RcCar8\annotation.txt,matched,DTB70/RcCar8,,
dataset2/RcCar9,dataset2,RcCar9,local,scored,208,208,208,208,58,dataset2__RcCar9,0.8383699633699632,0.9150641025641025,0.869047619047619,0,C:\Users\yousif\Documents\AIC Data\aic-data\dataset2\RcCar9\RcCar9_24.mp4,C:\Users\yousif\Documents\AIC Data\our-data\DTB70\RcCar9\groundtruth_rect.txt,matched,DTB70/RcCar9,,
dataset2/Sheep1,dataset2,Sheep1,aic,unscored,0,0,0,0,59,dataset2__Sheep1,,,,0,C:\Users\yousif\Documents\AIC Data\aic-data\dataset2\Sheep1\Sheep1_24.mp4,C:\Users\yousif\Documents\AIC Data\aic-data\dataset2\Sheep1\annotation.txt,matched,DTB70/Sheep1,,
dataset2/Sheep2,dataset2,Sheep2,aic,unscored,0,0,0,0,60,dataset2__Sheep2,,,,0,C:\Users\yousif\Documents\AIC Data\aic-data\dataset2\Sheep2\Sheep2_30.mp4,C:\Users\yousif\Documents\AIC Data\aic-data\dataset2\Sheep2\annotation.txt,matched,DTB70/Sheep2,,
dataset2/SkateBoarding4,dataset2,SkateBoarding4,aic,unscored,0,0,0,0,61,dataset2__SkateBoarding4,,,,0,C:\Users\yousif\Documents\AIC Data\aic-data\dataset2\SkateBoarding4\SkateBoarding4_24.mp4,C:\Users\yousif\Documents\AIC Data\aic-data\dataset2\SkateBoarding4\annotation.txt,matched,DTB70/SkateBoarding4,,
dataset2/Skiing1,dataset2,Skiing1,aic,unscored,0,0,0,0,62,dataset2__Skiing1,,,,0,C:\Users\yousif\Documents\AIC Data\aic-data\dataset2\Skiing1\Skiing1_24.mp4,C:\Users\yousif\Documents\AIC Data\aic-data\dataset2\Skiing1\annotation.txt,matched,DTB70/Skiing1,,
dataset2/Skiing2,dataset2,Skiing2,aic,unscored,0,0,0,0,63,dataset2__Skiing2,,,,0,C:\Users\yousif\Documents\AIC Data\aic-data\dataset2\Skiing2\Skiing2_30.mp4,C:\Users\yousif\Documents\AIC Data\aic-data\dataset2\Skiing2\annotation.txt,matched,DTB70/Skiing2,,
dataset2/SnowBoarding2,dataset2,SnowBoarding2,local,scored,117,117,117,117,64,dataset2__SnowBoarding2,0.8103378103378105,0.9088319088319088,0.8497354497354498,0,C:\Users\yousif\Documents\AIC Data\aic-data\dataset2\SnowBoarding2\SnowBoarding2_24.mp4,C:\Users\yousif\Documents\AIC Data\our-data\DTB70\SnowBoarding2\groundtruth_rect.txt,matched,DTB70/SnowBoarding2,,
dataset2/SnowBoarding4,dataset2,SnowBoarding4,aic,unscored,0,0,0,0,65,dataset2__SnowBoarding4,,,,0,C:\Users\yousif\Documents\AIC Data\aic-data\dataset2\SnowBoarding4\SnowBoarding4_30.mp4,C:\Users\yousif\Documents\AIC Data\aic-data\dataset2\SnowBoarding4\annotation.txt,matched,DTB70/SnowBoarding4,,
dataset2/SnowBoarding6,dataset2,SnowBoarding6,aic,unscored,0,0,0,0,66,dataset2__SnowBoarding6,,,,0,C:\Users\yousif\Documents\AIC Data\aic-data\dataset2\SnowBoarding6\SnowBoarding6_30.mp4,C:\Users\yousif\Documents\AIC Data\aic-data\dataset2\SnowBoarding6\annotation.txt,matched,DTB70/SnowBoarding6,,
dataset2/Soccer1,dataset2,Soccer1,local,scored,613,613,613,613,67,dataset2__Soccer1,0.7512623320127398,0.890779150159248,0.8070690592713432,0,C:\Users\yousif\Documents\AIC Data\aic-data\dataset2\Soccer1\Soccer1_24.mp4,C:\Users\yousif\Documents\AIC Data\our-data\DTB70\Soccer1\groundtruth_rect.txt,matched,DTB70/Soccer1,,
dataset2/Soccer2,dataset2,Soccer2,aic,unscored,0,0,0,0,68,dataset2__Soccer2,,,,0,C:\Users\yousif\Documents\AIC Data\aic-data\dataset2\Soccer2\Soccer2_24.mp4,C:\Users\yousif\Documents\AIC Data\aic-data\dataset2\Soccer2\annotation.txt,matched,DTB70/Soccer2,,
dataset2/SpeedCar2,dataset2,SpeedCar2,local,scored,308,308,308,308,69,dataset2__SpeedCar2,0.7874149659863945,0.8874458874458875,0.8274273345701917,0,C:\Users\yousif\Documents\AIC Data\aic-data\dataset2\SpeedCar2\SpeedCar2_30.mp4,C:\Users\yousif\Documents\AIC Data\our-data\DTB70\SpeedCar2\groundtruth_rect.txt,matched,DTB70/SpeedCar2,,
dataset2/SpeedCar4,dataset2,SpeedCar4,aic,unscored,0,0,0,0,70,dataset2__SpeedCar4,,,,0,C:\Users\yousif\Documents\AIC Data\aic-data\dataset2\SpeedCar4\SpeedCar4_30.mp4,C:\Users\yousif\Documents\AIC Data\aic-data\dataset2\SpeedCar4\annotation.txt,matched,DTB70/SpeedCar4,,
dataset2/StreetBasketball1,dataset2,StreetBasketball1,aic,unscored,0,0,0,0,71,dataset2__StreetBasketball1,,,,0,C:\Users\yousif\Documents\AIC Data\aic-data\dataset2\StreetBasketball1\StreetBasketball1_24.mp4,C:\Users\yousif\Documents\AIC Data\aic-data\dataset2\StreetBasketball1\annotation.txt,matched,DTB70/StreetBasketball1,,
dataset2/StreetBasketball2,dataset2,StreetBasketball2,aic,unscored,0,0,0,0,72,dataset2__StreetBasketball2,,,,0,C:\Users\yousif\Documents\AIC Data\aic-data\dataset2\StreetBasketball2\StreetBasketball2_24.mp4,C:\Users\yousif\Documents\AIC Data\aic-data\dataset2\StreetBasketball2\annotation.txt,matched,DTB70/StreetBasketball2,,
dataset2/StreetBasketball3,dataset2,StreetBasketball3,aic,unscored,0,0,0,0,73,dataset2__StreetBasketball3,,,,0,C:\Users\yousif\Documents\AIC Data\aic-data\dataset2\StreetBasketball3\StreetBasketball3_24.mp4,C:\Users\yousif\Documents\AIC Data\aic-data\dataset2\StreetBasketball3\annotation.txt,matched,DTB70/StreetBasketball3,,
dataset2/SUP2,dataset2,SUP2,aic,unscored,0,0,0,0,74,dataset2__SUP2,,,,0,C:\Users\yousif\Documents\AIC Data\aic-data\dataset2\SUP2\SUP2_24.mp4,C:\Users\yousif\Documents\AIC Data\aic-data\dataset2\SUP2\annotation.txt,matched,DTB70/SUP2,,
dataset2/SUP4,dataset2,SUP4,local,scored,295,295,295,295,75,dataset2__SUP4,0.8087167070217919,0.9058918482647297,0.847586763518967,0,C:\Users\yousif\Documents\AIC Data\aic-data\dataset2\SUP4\SUP4_24.mp4,C:\Users\yousif\Documents\AIC Data\our-data\DTB70\SUP4\groundtruth_rect.txt,matched,DTB70/SUP4,,
dataset2/SUP5,dataset2,SUP5,aic,unscored,0,0,0,0,76,dataset2__SUP5,,,,0,C:\Users\yousif\Documents\AIC Data\aic-data\dataset2\SUP5\SUP5_24.mp4,C:\Users\yousif\Documents\AIC Data\aic-data\dataset2\SUP5\annotation.txt,matched,DTB70/SUP5,,
dataset2/Surfing03,dataset2,Surfing03,local,scored,117,117,117,117,77,dataset2__Surfing03,0.4619454619454618,0.816035816035816,0.6035816035816035,0,C:\Users\yousif\Documents\AIC Data\aic-data\dataset2\Surfing03\Surfing03_24.mp4,C:\Users\yousif\Documents\AIC Data\our-data\DTB70\Surfing03\groundtruth_rect.txt,matched,DTB70/Surfing03,,
dataset2/Surfing04,dataset2,Surfing04,aic,unscored,0,0,0,0,78,dataset2__Surfing04,,,,0,C:\Users\yousif\Documents\AIC Data\aic-data\dataset2\Surfing04\Surfing04_24.mp4,C:\Users\yousif\Documents\AIC Data\aic-data\dataset2\Surfing04\annotation.txt,matched,DTB70/Surfing04,,
dataset2/Surfing06,dataset2,Surfing06,local,scored,106,106,106,106,79,dataset2__Surfing06,0.7848158131176998,0.8787061994609165,0.8223719676549865,0,C:\Users\yousif\Documents\AIC Data\aic-data\dataset2\Surfing06\Surfing06_24.mp4,C:\Users\yousif\Documents\AIC Data\our-data\DTB70\Surfing06\groundtruth_rect.txt,matched,DTB70/Surfing06,,
dataset2/Surfing10,dataset2,Surfing10,aic,unscored,0,0,0,0,80,dataset2__Surfing10,,,,0,C:\Users\yousif\Documents\AIC Data\aic-data\dataset2\Surfing10\Surfing10_24.mp4,C:\Users\yousif\Documents\AIC Data\aic-data\dataset2\Surfing10\annotation.txt,matched,DTB70/Surfing10,,
dataset2/Surfing12,dataset2,Surfing12,aic,unscored,0,0,0,0,81,dataset2__Surfing12,,,,0,C:\Users\yousif\Documents\AIC Data\aic-data\dataset2\Surfing12\Surfing12_24.mp4,C:\Users\yousif\Documents\AIC Data\aic-data\dataset2\Surfing12\annotation.txt,matched,DTB70/Surfing12,,
dataset2/Vaulting,dataset2,Vaulting,aic,unscored,0,0,0,0,82,dataset2__Vaulting,,,,0,C:\Users\yousif\Documents\AIC Data\aic-data\dataset2\Vaulting\Vaulting_24.mp4,C:\Users\yousif\Documents\AIC Data\aic-data\dataset2\Vaulting\annotation.txt,matched,DTB70/Vaulting,,
dataset2/Wakeboarding1,dataset2,Wakeboarding1,local,scored,77,77,77,77,83,dataset2__Wakeboarding1,0.7241805813234384,0.878169449598021,0.7857761286332714,0,C:\Users\yousif\Documents\AIC Data\aic-data\dataset2\Wakeboarding1\Wakeboarding1_24.mp4,C:\Users\yousif\Documents\AIC Data\our-data\DTB70\Wakeboarding1\groundtruth_rect.txt,matched,DTB70/Wakeboarding1,,
dataset2/Wakeboarding2,dataset2,Wakeboarding2,aic,unscored,0,0,0,0,84,dataset2__Wakeboarding2,,,,0,C:\Users\yousif\Documents\AIC Data\aic-data\dataset2\Wakeboarding2\Wakeboarding2_24.mp4,C:\Users\yousif\Documents\AIC Data\aic-data\dataset2\Wakeboarding2\annotation.txt,matched,DTB70/Wakeboarding2,,
dataset2/Walking,dataset2,Walking,aic,unscored,0,0,0,0,85,dataset2__Walking,,,,0,C:\Users\yousif\Documents\AIC Data\aic-data\dataset2\Walking\Walking_24.mp4,C:\Users\yousif\Documents\AIC Data\aic-data\dataset2\Walking\annotation.txt,matched,DTB70/Walking,,
dataset2/Yacht2,dataset2,Yacht2,aic,unscored,0,0,0,0,86,dataset2__Yacht2,,,,0,C:\Users\yousif\Documents\AIC Data\aic-data\dataset2\Yacht2\Yacht2_24.mp4,C:\Users\yousif\Documents\AIC Data\aic-data\dataset2\Yacht2\annotation.txt,matched,DTB70/Yacht2,,
dataset2/Yacht4,dataset2,Yacht4,aic,unscored,0,0,0,0,87,dataset2__Yacht4,,,,0,C:\Users\yousif\Documents\AIC Data\aic-data\dataset2\Yacht4\Yacht4_24.mp4,C:\Users\yousif\Documents\AIC Data\aic-data\dataset2\Yacht4\annotation.txt,matched,DTB70/Yacht4,,
dataset2/Zebra,dataset2,Zebra,aic,unscored,0,0,0,0,88,dataset2__Zebra,,,,0,C:\Users\yousif\Documents\AIC Data\aic-data\dataset2\Zebra\Zebra_24.mp4,C:\Users\yousif\Documents\AIC Data\aic-data\dataset2\Zebra\annotation.txt,matched,DTB70/Zebra,,
dataset3/air_conditioning_box1,dataset3,air_conditioning_box1,local,scored,437,437,437,437,89,dataset3__air_conditioning_box1,0.5598779557589625,0.6701536449820202,0.6039882314481856,0,C:\Users\yousif\Documents\AIC Data\aic-data\dataset3\air_conditioning_box1\air_conditioning_box1_30.mp4,C:\Users\yousif\Documents\AIC Data\our-data\V4RFlight112\anno\air conditioning box1.txt,matched,V4RFlight112/air conditioning box1,,
dataset3/air_conditioning_box2,dataset3,air_conditioning_box2,aic,unscored,0,0,0,0,90,dataset3__air_conditioning_box2,,,,0,C:\Users\yousif\Documents\AIC Data\aic-data\dataset3\air_conditioning_box2\air_conditioning_box2_30.mp4,C:\Users\yousif\Documents\AIC Data\aic-data\dataset3\air_conditioning_box2\annotation.txt,matched,V4RFlight112/air conditioning box2,,
dataset3/basketball_player1,dataset3,basketball_player1,aic,unscored,0,0,0,0,91,dataset3__basketball_player1,,,,0,C:\Users\yousif\Documents\AIC Data\aic-data\dataset3\basketball_player1\basketball_player1_30.mp4,C:\Users\yousif\Documents\AIC Data\aic-data\dataset3\basketball_player1\annotation.txt,matched,V4RFlight112/basketball player1,,
dataset3/basketball_player1_1-n,dataset3,basketball_player1_1-n,aic,unscored,0,0,0,0,92,dataset3__basketball_player1_1-n,,,,0,C:\Users\yousif\Documents\AIC Data\aic-data\dataset3\basketball_player1_1-n\basketball_player1_1-n_24.mp4,C:\Users\yousif\Documents\AIC Data\aic-data\dataset3\basketball_player1_1-n\annotation.txt,matched,V4RFlight112/basketball player1_1-n,,
dataset3/basketball_player1_2-n,dataset3,basketball_player1_2-n,aic,unscored,0,0,0,0,93,dataset3__basketball_player1_2-n,,,,0,C:\Users\yousif\Documents\AIC Data\aic-data\dataset3\basketball_player1_2-n\basketball_player1_2-n_30.mp4,C:\Users\yousif\Documents\AIC Data\aic-data\dataset3\basketball_player1_2-n\annotation.txt,matched,V4RFlight112/basketball player1_2-n,,
dataset3/basketball_player2,dataset3,basketball_player2,aic,unscored,0,0,0,0,94,dataset3__basketball_player2,,,,0,C:\Users\yousif\Documents\AIC Data\aic-data\dataset3\basketball_player2\basketball_player2_24.mp4,C:\Users\yousif\Documents\AIC Data\aic-data\dataset3\basketball_player2\annotation.txt,matched,V4RFlight112/basketball player2,,
dataset3/basketball_player2-n,dataset3,basketball_player2-n,aic,unscored,0,0,0,0,95,dataset3__basketball_player2-n,,,,0,C:\Users\yousif\Documents\AIC Data\aic-data\dataset3\basketball_player2-n\basketball_player2-n_24.mp4,C:\Users\yousif\Documents\AIC Data\aic-data\dataset3\basketball_player2-n\annotation.txt,matched,V4RFlight112/basketball player2-n,,
dataset3/basketball_player3,dataset3,basketball_player3,aic,unscored,0,0,0,0,96,dataset3__basketball_player3,,,,0,C:\Users\yousif\Documents\AIC Data\aic-data\dataset3\basketball_player3\basketball_player3_24.mp4,C:\Users\yousif\Documents\AIC Data\aic-data\dataset3\basketball_player3\annotation.txt,matched,V4RFlight112/basketball player3,,
dataset3/basketball_player3-n,dataset3,basketball_player3-n,aic,unscored,0,0,0,0,97,dataset3__basketball_player3-n,,,,0,C:\Users\yousif\Documents\AIC Data\aic-data\dataset3\basketball_player3-n\basketball_player3-n_30.mp4,C:\Users\yousif\Documents\AIC Data\aic-data\dataset3\basketball_player3-n\annotation.txt,matched,V4RFlight112/basketball player3-n,,
dataset3/basketball_player4-n,dataset3,basketball_player4-n,aic,unscored,0,0,0,0,98,dataset3__basketball_player4-n,,,,0,C:\Users\yousif\Documents\AIC Data\aic-data\dataset3\basketball_player4-n\basketball_player4-n_30.mp4,C:\Users\yousif\Documents\AIC Data\aic-data\dataset3\basketball_player4-n\annotation.txt,matched,V4RFlight112/basketball player4-n,,
dataset3/bell_tower,dataset3,bell_tower,aic,unscored,0,0,0,0,99,dataset3__bell_tower,,,,0,C:\Users\yousif\Documents\AIC Data\aic-data\dataset3\bell_tower\bell_tower_30.mp4,C:\Users\yousif\Documents\AIC Data\aic-data\dataset3\bell_tower\annotation.txt,matched,V4RFlight112/bell tower,,
dataset3/bike1,dataset3,bike1,local,scored,180,180,180,180,100,dataset3__bike1,0.8912698412698413,0.933068783068783,0.907989417989418,0,C:\Users\yousif\Documents\AIC Data\aic-data\dataset3\bike1\bike1_30.mp4,C:\Users\yousif\Documents\AIC Data\our-data\V4RFlight112\anno\bike1.txt,matched,V4RFlight112/bike1,,
dataset3/bike2,dataset3,bike2,aic,unscored,0,0,0,0,101,dataset3__bike2,,,,0,C:\Users\yousif\Documents\AIC Data\aic-data\dataset3\bike2\bike2_30.mp4,C:\Users\yousif\Documents\AIC Data\aic-data\dataset3\bike2\annotation.txt,matched,V4RFlight112/bike2,,
dataset3/bike3,dataset3,bike3,aic,unscored,0,0,0,0,102,dataset3__bike3,,,,0,C:\Users\yousif\Documents\AIC Data\aic-data\dataset3\bike3\bike3_30.mp4,C:\Users\yousif\Documents\AIC Data\aic-data\dataset3\bike3\annotation.txt,matched,V4RFlight112/bike3,,
dataset3/bike4_1,dataset3,bike4_1,aic,unscored,0,0,0,0,103,dataset3__bike4_1,,,,0,C:\Users\yousif\Documents\AIC Data\aic-data\dataset3\bike4_1\bike4_1_30.mp4,C:\Users\yousif\Documents\AIC Data\aic-data\dataset3\bike4_1\annotation.txt,matched,V4RFlight112/bike4_1,,
dataset3/bike4_2,dataset3,bike4_2,aic,unscored,0,0,0,0,104,dataset3__bike4_2,,,,0,C:\Users\yousif\Documents\AIC Data\aic-data\dataset3\bike4_2\bike4_2_30.mp4,C:\Users\yousif\Documents\AIC Data\aic-data\dataset3\bike4_2\annotation.txt,matched,V4RFlight112/bike4_2,,
dataset3/bike5,dataset3,bike5,aic,unscored,0,0,0,0,105,dataset3__bike5,,,,0,C:\Users\yousif\Documents\AIC Data\aic-data\dataset3\bike5\bike5_30.mp4,C:\Users\yousif\Documents\AIC Data\aic-data\dataset3\bike5\annotation.txt,matched,V4RFlight112/bike5,,
dataset3/bike6,dataset3,bike6,aic,unscored,0,0,0,0,106,dataset3__bike6,,,,0,C:\Users\yousif\Documents\AIC Data\aic-data\dataset3\bike6\bike6_30.mp4,C:\Users\yousif\Documents\AIC Data\aic-data\dataset3\bike6\annotation.txt,matched,V4RFlight112/bike6,,
dataset3/bike7_1,dataset3,bike7_1,local,scored,301,301,301,301,107,dataset3__bike7_1,0.8773928175921532,0.9333966144597373,0.8997943363391867,0,C:\Users\yousif\Documents\AIC Data\aic-data\dataset3\bike7_1\bike7_1_30.mp4,C:\Users\yousif\Documents\AIC Data\our-data\V4RFlight112\anno\bike7_1.txt,matched,V4RFlight112/bike7_1,,
dataset3/bike7_2,dataset3,bike7_2,local,scored,338,338,338,338,108,dataset3__bike7_2,0.8329106790645252,0.9119470273316427,0.8645252183713722,0,C:\Users\yousif\Documents\AIC Data\aic-data\dataset3\bike7_2\bike7_2_30.mp4,C:\Users\yousif\Documents\AIC Data\our-data\V4RFlight112\anno\bike7_2.txt,matched,V4RFlight112/bike7_2,,
dataset3/bike8,dataset3,bike8,aic,unscored,0,0,0,0,109,dataset3__bike8,,,,0,C:\Users\yousif\Documents\AIC Data\aic-data\dataset3\bike8\bike8_30.mp4,C:\Users\yousif\Documents\AIC Data\aic-data\dataset3\bike8\annotation.txt,matched,V4RFlight112/bike8,,
dataset3/bike9_1,dataset3,bike9_1,local,scored,401,401,401,401,110,dataset3__bike9_1,0.8616553853461585,0.903218145113407,0.8782804892530578,0,C:\Users\yousif\Documents\AIC Data\aic-data\dataset3\bike9_1\bike9_1_30.mp4,C:\Users\yousif\Documents\AIC Data\our-data\V4RFlight112\anno\bike9_1.txt,matched,V4RFlight112/bike9_1,,
dataset3/bike9_2,dataset3,bike9_2,aic,unscored,0,0,0,0,111,dataset3__bike9_2,,,,0,C:\Users\yousif\Documents\AIC Data\aic-data\dataset3\bike9_2\bike9_2_30.mp4,C:\Users\yousif\Documents\AIC Data\aic-data\dataset3\bike9_2\annotation.txt,matched,V4RFlight112/bike9_2,,
dataset3/building1_1,dataset3,building1_1,aic,unscored,0,0,0,0,112,dataset3__building1_1,,,,0,C:\Users\yousif\Documents\AIC Data\aic-data\dataset3\building1_1\building1_1_30.mp4,C:\Users\yousif\Documents\AIC Data\aic-data\dataset3\building1_1\annotation.txt,matched,V4RFlight112/building1_1,,
dataset3/building1_2,dataset3,building1_2,aic,unscored,0,0,0,0,113,dataset3__building1_2,,,,0,C:\Users\yousif\Documents\AIC Data\aic-data\dataset3\building1_2\building1_2_30.mp4,C:\Users\yousif\Documents\AIC Data\aic-data\dataset3\building1_2\annotation.txt,matched,V4RFlight112/building1_2,,
dataset3/bus1-n,dataset3,bus1-n,local,scored,1092,1092,1092,1092,114,dataset3__bus1-n,0.6654892726321299,0.8066021280306993,0.7219344147915576,0,C:\Users\yousif\Documents\AIC Data\aic-data\dataset3\bus1-n\bus1-n_30.mp4,C:\Users\yousif\Documents\AIC Data\our-data\V4RFlight112\anno\bus1-n.txt,matched,V4RFlight112/bus1-n,,
dataset3/bus2-n,dataset3,bus2-n,aic,unscored,0,0,0,0,115,dataset3__bus2-n,,,,0,C:\Users\yousif\Documents\AIC Data\aic-data\dataset3\bus2-n\bus2-n_30.mp4,C:\Users\yousif\Documents\AIC Data\aic-data\dataset3\bus2-n\annotation.txt,matched,V4RFlight112/bus2-n,,
dataset3/car1,dataset3,car1,aic,unscored,0,0,0,0,116,dataset3__car1,,,,0,C:\Users\yousif\Documents\AIC Data\aic-data\dataset3\car1\car1_30.mp4,C:\Users\yousif\Documents\AIC Data\aic-data\dataset3\car1\annotation.txt,matched,V4RFlight112/car1,,
dataset3/car1-n,dataset3,car1-n,aic,unscored,0,0,0,0,117,dataset3__car1-n,,,,0,C:\Users\yousif\Documents\AIC Data\aic-data\dataset3\car1-n\car1-n_24.mp4,C:\Users\yousif\Documents\AIC Data\aic-data\dataset3\car1-n\annotation.txt,matched,V4RFlight112/car1-n,,
dataset3/car10,dataset3,car10,aic,unscored,0,0,0,0,118,dataset3__car10,,,,0,C:\Users\yousif\Documents\AIC Data\aic-data\dataset3\car10\car10_24.mp4,C:\Users\yousif\Documents\AIC Data\aic-data\dataset3\car10\annotation.txt,matched,V4RFlight112/car10,,
dataset3/car11,dataset3,car11,aic,unscored,0,0,0,0,119,dataset3__car11,,,,0,C:\Users\yousif\Documents\AIC Data\aic-data\dataset3\car11\car11_24.mp4,C:\Users\yousif\Documents\AIC Data\aic-data\dataset3\car11\annotation.txt,matched,V4RFlight112/car11,,
dataset3/car12,dataset3,car12,aic,unscored,0,0,0,0,120,dataset3__car12,,,,0,C:\Users\yousif\Documents\AIC Data\aic-data\dataset3\car12\car12_24.mp4,C:\Users\yousif\Documents\AIC Data\aic-data\dataset3\car12\annotation.txt,matched,V4RFlight112/car12,,
dataset3/car13,dataset3,car13,aic,unscored,0,0,0,0,121,dataset3__car13,,,,0,C:\Users\yousif\Documents\AIC Data\aic-data\dataset3\car13\car13_24.mp4,C:\Users\yousif\Documents\AIC Data\aic-data\dataset3\car13\annotation.txt,matched,V4RFlight112/car13,,
dataset3/car14,dataset3,car14,aic,unscored,0,0,0,0,122,dataset3__car14,,,,0,C:\Users\yousif\Documents\AIC Data\aic-data\dataset3\car14\car14_24.mp4,C:\Users\yousif\Documents\AIC Data\aic-data\dataset3\car14\annotation.txt,matched,V4RFlight112/car14,,
dataset3/car15,dataset3,car15,aic,unscored,0,0,0,0,123,dataset3__car15,,,,0,C:\Users\yousif\Documents\AIC Data\aic-data\dataset3\car15\car15_24.mp4,C:\Users\yousif\Documents\AIC Data\aic-data\dataset3\car15\annotation.txt,matched,V4RFlight112/car15,,
dataset3/car16_1,dataset3,car16_1,aic,unscored,0,0,0,0,124,dataset3__car16_1,,,,0,C:\Users\yousif\Documents\AIC Data\aic-data\dataset3\car16_1\car16_1_24.mp4,C:\Users\yousif\Documents\AIC Data\aic-data\dataset3\car16_1\annotation.txt,matched,V4RFlight112/car16_1,,
dataset3/car16_2,dataset3,car16_2,aic,unscored,0,0,0,0,125,dataset3__car16_2,,,,0,C:\Users\yousif\Documents\AIC Data\aic-data\dataset3\car16_2\car16_2_30.mp4,C:\Users\yousif\Documents\AIC Data\aic-data\dataset3\car16_2\annotation.txt,matched,V4RFlight112/car16_2,,
dataset3/car16_3,dataset3,car16_3,local,scored,168,168,168,168,126,dataset3__car16_3,0.2800453514739229,0.2828798185941042,0.2811791383219954,0,C:\Users\yousif\Documents\AIC Data\aic-data\dataset3\car16_3\car16_3_24.mp4,C:\Users\yousif\Documents\AIC Data\our-data\V4RFlight112\anno\car16_3.txt,matched,V4RFlight112/car16_3,,
dataset3/car17,dataset3,car17,aic,unscored,0,0,0,0,127,dataset3__car17,,,,0,C:\Users\yousif\Documents\AIC Data\aic-data\dataset3\car17\car17_30.mp4,C:\Users\yousif\Documents\AIC Data\aic-data\dataset3\car17\annotation.txt,matched,V4RFlight112/car17,,
dataset3/car18,dataset3,car18,aic,unscored,0,0,0,0,128,dataset3__car18,,,,0,C:\Users\yousif\Documents\AIC Data\aic-data\dataset3\car18\car18_30.mp4,C:\Users\yousif\Documents\AIC Data\aic-data\dataset3\car18\annotation.txt,matched,V4RFlight112/car18,,
dataset3/car2,dataset3,car2,aic,unscored,0,0,0,0,129,dataset3__car2,,,,0,C:\Users\yousif\Documents\AIC Data\aic-data\dataset3\car2\car2_30.mp4,C:\Users\yousif\Documents\AIC Data\aic-data\dataset3\car2\annotation.txt,matched,V4RFlight112/car2,,
dataset3/car2-n,dataset3,car2-n,aic,unscored,0,0,0,0,130,dataset3__car2-n,,,,0,C:\Users\yousif\Documents\AIC Data\aic-data\dataset3\car2-n\car2-n_30.mp4,C:\Users\yousif\Documents\AIC Data\aic-data\dataset3\car2-n\annotation.txt,matched,V4RFlight112/car2-n,,
dataset3/car3,dataset3,car3,aic,unscored,0,0,0,0,131,dataset3__car3,,,,0,C:\Users\yousif\Documents\AIC Data\aic-data\dataset3\car3\car3_30.mp4,C:\Users\yousif\Documents\AIC Data\aic-data\dataset3\car3\annotation.txt,matched,V4RFlight112/car3,,
dataset3/car4,dataset3,car4,local,scored,1302,1155,1155,1302,132,dataset3__car4,0.7416615130900845,0.812987012987013,0.770191713048856,269,C:\Users\yousif\Documents\AIC Data\aic-data\dataset3\car4\car4_30.mp4,C:\Users\yousif\Documents\AIC Data\our-data\V4RFlight112\anno\car4.txt,matched,V4RFlight112/car4,,
dataset3/car5,dataset3,car5,aic,unscored,0,0,0,0,133,dataset3__car5,,,,0,C:\Users\yousif\Documents\AIC Data\aic-data\dataset3\car5\car5_30.mp4,C:\Users\yousif\Documents\AIC Data\aic-data\dataset3\car5\annotation.txt,matched,V4RFlight112/car5,,
dataset3/car6_1,dataset3,car6_1,aic,unscored,0,0,0,0,134,dataset3__car6_1,,,,0,C:\Users\yousif\Documents\AIC Data\aic-data\dataset3\car6_1\car6_1_30.mp4,C:\Users\yousif\Documents\AIC Data\aic-data\dataset3\car6_1\annotation.txt,matched,V4RFlight112/car6_1,,
dataset3/car6_2,dataset3,car6_2,local,scored,1123,1103,1103,1123,135,dataset3__car6_2,0.7748564521003323,0.8692742736260415,0.8126235807106159,8,C:\Users\yousif\Documents\AIC Data\aic-data\dataset3\car6_2\car6_2_30.mp4,C:\Users\yousif\Documents\AIC Data\our-data\V4RFlight112\anno\car6_2.txt,matched,V4RFlight112/car6_2,,
dataset3/car7_1,dataset3,car7_1,local,scored,973,973,973,973,136,dataset3__car7_1,0.9056917731121226,0.9483188959036852,0.9227426222287477,0,C:\Users\yousif\Documents\AIC Data\aic-data\dataset3\car7_1\car7_1_30.mp4,C:\Users\yousif\Documents\AIC Data\our-data\V4RFlight112\anno\car7_1.txt,matched,V4RFlight112/car7_1,,
dataset3/car7_2,dataset3,car7_2,local,scored,1968,1968,1968,1968,137,dataset3__car7_2,0.897938443670151,0.9442266744096012,0.916453735965931,0,C:\Users\yousif\Documents\AIC Data\aic-data\dataset3\car7_2\car7_2_24.mp4,C:\Users\yousif\Documents\AIC Data\our-data\V4RFlight112\anno\car7_2.txt,matched,V4RFlight112/car7_2,,
dataset3/car7_3,dataset3,car7_3,aic,unscored,0,0,0,0,138,dataset3__car7_3,,,,0,C:\Users\yousif\Documents\AIC Data\aic-data\dataset3\car7_3\car7_3_24.mp4,C:\Users\yousif\Documents\AIC Data\aic-data\dataset3\car7_3\annotation.txt,matched,V4RFlight112/car7_3,,
dataset3/car8,dataset3,car8,aic,unscored,0,0,0,0,139,dataset3__car8,,,,0,C:\Users\yousif\Documents\AIC Data\aic-data\dataset3\car8\car8_24.mp4,C:\Users\yousif\Documents\AIC Data\aic-data\dataset3\car8\annotation.txt,matched,V4RFlight112/car8,,
dataset3/car9_1,dataset3,car9_1,aic,unscored,0,0,0,0,140,dataset3__car9_1,,,,0,C:\Users\yousif\Documents\AIC Data\aic-data\dataset3\car9_1\car9_1_24.mp4,C:\Users\yousif\Documents\AIC Data\aic-data\dataset3\car9_1\annotation.txt,matched,V4RFlight112/car9_1,,
dataset3/car9_2,dataset3,car9_2,aic,unscored,0,0,0,0,141,dataset3__car9_2,,,,0,C:\Users\yousif\Documents\AIC Data\aic-data\dataset3\car9_2\car9_2_24.mp4,C:\Users\yousif\Documents\AIC Data\aic-data\dataset3\car9_2\annotation.txt,matched,V4RFlight112/car9_2,,
dataset3/container,dataset3,container,aic,unscored,0,0,0,0,142,dataset3__container,,,,0,C:\Users\yousif\Documents\AIC Data\aic-data\dataset3\container\container_24.mp4,C:\Users\yousif\Documents\AIC Data\aic-data\dataset3\container\annotation.txt,matched,V4RFlight112/container,,
dataset3/couple,dataset3,couple,local,scored,1826,1807,1807,1826,143,dataset3__couple,0.5627585843413182,0.6862466071099167,0.6121537934487575,95,C:\Users\yousif\Documents\AIC Data\aic-data\dataset3\couple\couple_24.mp4,C:\Users\yousif\Documents\AIC Data\our-data\V4RFlight112\anno\couple.txt,matched,V4RFlight112/couple,,
dataset3/courier1,dataset3,courier1,aic,unscored,0,0,0,0,144,dataset3__courier1,,,,0,C:\Users\yousif\Documents\AIC Data\aic-data\dataset3\courier1\courier1_24.mp4,C:\Users\yousif\Documents\AIC Data\aic-data\dataset3\courier1\annotation.txt,matched,V4RFlight112/courier1,,
dataset3/courier2,dataset3,courier2,local,scored,1705,1705,1705,1705,145,dataset3__courier2,0.8557184750733138,0.9231112973048455,0.8826756039659265,0,C:\Users\yousif\Documents\AIC Data\aic-data\dataset3\courier2\courier2_30.mp4,C:\Users\yousif\Documents\AIC Data\our-data\V4RFlight112\anno\courier2.txt,matched,V4RFlight112/courier2,,
dataset3/dark_car1-n,dataset3,dark_car1-n,aic,unscored,0,0,0,0,146,dataset3__dark_car1-n,,,,0,C:\Users\yousif\Documents\AIC Data\aic-data\dataset3\dark_car1-n\dark_car1-n_30.mp4,C:\Users\yousif\Documents\AIC Data\aic-data\dataset3\dark_car1-n\annotation.txt,matched,V4RFlight112/dark car1-n,,
dataset3/dark_car2-n,dataset3,dark_car2-n,aic,unscored,0,0,0,0,147,dataset3__dark_car2-n,,,,0,C:\Users\yousif\Documents\AIC Data\aic-data\dataset3\dark_car2-n\dark_car2-n_30.mp4,C:\Users\yousif\Documents\AIC Data\aic-data\dataset3\dark_car2-n\annotation.txt,matched,V4RFlight112/dark car2-n,,
dataset3/duck1_1,dataset3,duck1_1,aic,unscored,0,0,0,0,148,dataset3__duck1_1,,,,0,C:\Users\yousif\Documents\AIC Data\aic-data\dataset3\duck1_1\duck1_1_24.mp4,C:\Users\yousif\Documents\AIC Data\aic-data\dataset3\duck1_1\annotation.txt,matched,V4RFlight112/duck1_1,,
dataset3/duck1_2,dataset3,duck1_2,aic,unscored,0,0,0,0,149,dataset3__duck1_2,,,,0,C:\Users\yousif\Documents\AIC Data\aic-data\dataset3\duck1_2\duck1_2_24.mp4,C:\Users\yousif\Documents\AIC Data\aic-data\dataset3\duck1_2\annotation.txt,matched,V4RFlight112/duck1_2,,
dataset3/duck2,dataset3,duck2,local,scored,1131,1131,1131,1131,150,dataset3__duck2,0.7142015073049556,0.7986190055155573,0.7479685065891963,0,C:\Users\yousif\Documents\AIC Data\aic-data\dataset3\duck2\duck2_24.mp4,C:\Users\yousif\Documents\AIC Data\our-data\V4RFlight112\anno\duck2.txt,matched,V4RFlight112/duck2,,
dataset3/duck3,dataset3,duck3,aic,unscored,0,0,0,0,151,dataset3__duck3,,,,0,C:\Users\yousif\Documents\AIC Data\aic-data\dataset3\duck3\duck3_24.mp4,C:\Users\yousif\Documents\AIC Data\aic-data\dataset3\duck3\annotation.txt,matched,V4RFlight112/duck3,,
dataset3/electric_box,dataset3,electric_box,local,scored,1164,1164,1164,1164,152,dataset3__electric_box,0.3121011291114384,0.31676485027000495,0.313966617574865,0,C:\Users\yousif\Documents\AIC Data\aic-data\dataset3\electric_box\electric_box_24.mp4,C:\Users\yousif\Documents\AIC Data\our-data\V4RFlight112\anno\electric box.txt,matched,V4RFlight112/electric box,,
dataset3/excavator,dataset3,excavator,local,scored,630,630,630,630,153,dataset3__excavator,0.7916099773242632,0.8773242630385487,0.8258956916099773,0,C:\Users\yousif\Documents\AIC Data\aic-data\dataset3\excavator\excavator_30.mp4,C:\Users\yousif\Documents\AIC Data\our-data\V4RFlight112\anno\excavator.txt,matched,V4RFlight112/excavator,,
dataset3/football_player1_1,dataset3,football_player1_1,aic,unscored,0,0,0,0,154,dataset3__football_player1_1,,,,0,C:\Users\yousif\Documents\AIC Data\aic-data\dataset3\football_player1_1\football_player1_1_24.mp4,C:\Users\yousif\Documents\AIC Data\aic-data\dataset3\football_player1_1\annotation.txt,matched,V4RFlight112/football player1_1,,
dataset3/football_player1_2,dataset3,football_player1_2,aic,unscored,0,0,0,0,155,dataset3__football_player1_2,,,,0,C:\Users\yousif\Documents\AIC Data\aic-data\dataset3\football_player1_2\football_player1_2_24.mp4,C:\Users\yousif\Documents\AIC Data\aic-data\dataset3\football_player1_2\annotation.txt,matched,V4RFlight112/football player1_2,,
dataset3/football_player1_3,dataset3,football_player1_3,local,scored,1003,1003,1003,1003,156,dataset3__football_player1_3,0.833024735317856,0.9282153539381856,0.8711009827659879,0,C:\Users\yousif\Documents\AIC Data\aic-data\dataset3\football_player1_3\football_player1_3_24.mp4,C:\Users\yousif\Documents\AIC Data\our-data\V4RFlight112\anno\football player1_3.txt,matched,V4RFlight112/football player1_3,,
dataset3/football_player2_1,dataset3,football_player2_1,aic,unscored,0,0,0,0,157,dataset3__football_player2_1,,,,0,C:\Users\yousif\Documents\AIC Data\aic-data\dataset3\football_player2_1\football_player2_1_24.mp4,C:\Users\yousif\Documents\AIC Data\aic-data\dataset3\football_player2_1\annotation.txt,matched,V4RFlight112/football player2_1,,
dataset3/football_player2_2,dataset3,football_player2_2,aic,unscored,0,0,0,0,158,dataset3__football_player2_2,,,,0,C:\Users\yousif\Documents\AIC Data\aic-data\dataset3\football_player2_2\football_player2_2_24.mp4,C:\Users\yousif\Documents\AIC Data\aic-data\dataset3\football_player2_2\annotation.txt,matched,V4RFlight112/football player2_2,,
dataset3/group1,dataset3,group1,aic,unscored,0,0,0,0,159,dataset3__group1,,,,0,C:\Users\yousif\Documents\AIC Data\aic-data\dataset3\group1\group1_24.mp4,C:\Users\yousif\Documents\AIC Data\aic-data\dataset3\group1\annotation.txt,matched,V4RFlight112/group1,,
dataset3/group2,dataset3,group2,aic,unscored,0,0,0,0,160,dataset3__group2,,,,0,C:\Users\yousif\Documents\AIC Data\aic-data\dataset3\group2\group2_24.mp4,C:\Users\yousif\Documents\AIC Data\aic-data\dataset3\group2\annotation.txt,matched,V4RFlight112/group2,,
dataset3/group3_1,dataset3,group3_1,local,scored,163,163,163,163,161,dataset3__group3_1,0.8250073035349109,0.9217061057551855,0.8636868244230208,0,C:\Users\yousif\Documents\AIC Data\aic-data\dataset3\group3_1\group3_1_24.mp4,C:\Users\yousif\Documents\AIC Data\our-data\V4RFlight112\anno\group3_1.txt,matched,V4RFlight112/group3_1,,
dataset3/group3_2,dataset3,group3_2,local,scored,250,250,250,250,162,dataset3__group3_2,0.9076190476190478,0.9518095238095238,0.9252952380952382,0,C:\Users\yousif\Documents\AIC Data\aic-data\dataset3\group3_2\group3_2_24.mp4,C:\Users\yousif\Documents\AIC Data\our-data\V4RFlight112\anno\group3_2.txt,matched,V4RFlight112/group3_2,,
dataset3/group3_3,dataset3,group3_3,aic,unscored,0,0,0,0,163,dataset3__group3_3,,,,0,C:\Users\yousif\Documents\AIC Data\aic-data\dataset3\group3_3\group3_3_24.mp4,C:\Users\yousif\Documents\AIC Data\aic-data\dataset3\group3_3\annotation.txt,matched,V4RFlight112/group3_3,,
dataset3/group4,dataset3,group4,aic,unscored,0,0,0,0,164,dataset3__group4,,,,0,C:\Users\yousif\Documents\AIC Data\aic-data\dataset3\group4\group4_24.mp4,C:\Users\yousif\Documents\AIC Data\aic-data\dataset3\group4\annotation.txt,matched,V4RFlight112/group4,,
dataset3/group4_1,dataset3,group4_1,aic,unscored,0,0,0,0,165,dataset3__group4_1,,,,0,C:\Users\yousif\Documents\AIC Data\aic-data\dataset3\group4_1\group4_1_24.mp4,C:\Users\yousif\Documents\AIC Data\aic-data\dataset3\group4_1\annotation.txt,unmatched,,,
dataset3/group4_2,dataset3,group4_2,aic,unscored,0,0,0,0,166,dataset3__group4_2,,,,0,C:\Users\yousif\Documents\AIC Data\aic-data\dataset3\group4_2\group4_2_24.mp4,C:\Users\yousif\Documents\AIC Data\aic-data\dataset3\group4_2\annotation.txt,matched,V4RFlight112/group4_2,,
dataset3/hiker1,dataset3,hiker1,aic,unscored,0,0,0,0,167,dataset3__hiker1,,,,0,C:\Users\yousif\Documents\AIC Data\aic-data\dataset3\hiker1\hiker1_24.mp4,C:\Users\yousif\Documents\AIC Data\aic-data\dataset3\hiker1\annotation.txt,matched,V4RFlight112/hiker1,,
dataset3/hiker2,dataset3,hiker2,aic,unscored,0,0,0,0,168,dataset3__hiker2,,,,0,C:\Users\yousif\Documents\AIC Data\aic-data\dataset3\hiker2\hiker2_24.mp4,C:\Users\yousif\Documents\AIC Data\aic-data\dataset3\hiker2\annotation.txt,matched,V4RFlight112/hiker2,,
dataset3/human,dataset3,human,local,scored,1605,1605,1605,1605,169,dataset3__human,0.80077139890224,0.9049399198931909,0.8424388072986204,0,C:\Users\yousif\Documents\AIC Data\aic-data\dataset3\human\human_24.mp4,C:\Users\yousif\Documents\AIC Data\our-data\V4RFlight112\anno\human.txt,matched,V4RFlight112/human,,
dataset3/human1,dataset3,human1,local,scored,90,90,90,90,170,dataset3__human1,0.8973544973544973,0.9486772486772488,0.9178835978835979,0,C:\Users\yousif\Documents\AIC Data\aic-data\dataset3\human1\human1_24.mp4,C:\Users\yousif\Documents\AIC Data\our-data\V4RFlight112\anno\human1.txt,matched,V4RFlight112/human1,,
dataset3/human2,dataset3,human2,aic,unscored,0,0,0,0,171,dataset3__human2,,,,0,C:\Users\yousif\Documents\AIC Data\aic-data\dataset3\human2\human2_24.mp4,C:\Users\yousif\Documents\AIC Data\aic-data\dataset3\human2\annotation.txt,matched,V4RFlight112/human2,,
dataset3/human3,dataset3,human3,aic,unscored,0,0,0,0,172,dataset3__human3,,,,0,C:\Users\yousif\Documents\AIC Data\aic-data\dataset3\human3\human3_24.mp4,C:\Users\yousif\Documents\AIC Data\aic-data\dataset3\human3\annotation.txt,matched,V4RFlight112/human3,,
dataset3/human4,dataset3,human4,local,scored,20,20,20,20,173,dataset3__human4,0.8238095238095239,0.9428571428571428,0.8714285714285714,0,C:\Users\yousif\Documents\AIC Data\aic-data\dataset3\human4\human4_24.mp4,C:\Users\yousif\Documents\AIC Data\our-data\V4RFlight112\anno\human4.txt,matched,V4RFlight112/human4,,
dataset3/human5,dataset3,human5,local,scored,208,208,208,208,174,dataset3__human5,0.6948260073260072,0.7809065934065933,0.7292582417582416,33,C:\Users\yousif\Documents\AIC Data\aic-data\dataset3\human5\human5_24.mp4,C:\Users\yousif\Documents\AIC Data\our-data\V4RFlight112\anno\human5.txt,matched,V4RFlight112/human5,,
dataset3/island,dataset3,island,aic,unscored,0,0,0,0,175,dataset3__island,,,,0,C:\Users\yousif\Documents\AIC Data\aic-data\dataset3\island\island_30.mp4,C:\Users\yousif\Documents\AIC Data\aic-data\dataset3\island\annotation.txt,matched,V4RFlight112/island,,
dataset3/jogging1,dataset3,jogging1,aic,unscored,0,0,0,0,176,dataset3__jogging1,,,,0,C:\Users\yousif\Documents\AIC Data\aic-data\dataset3\jogging1\jogging1_30.mp4,C:\Users\yousif\Documents\AIC Data\aic-data\dataset3\jogging1\annotation.txt,matched,V4RFlight112/jogging1,,
dataset3/jogging2,dataset3,jogging2,local,scored,1717,1674,1674,1717,177,dataset3__jogging2,0.5204244182738806,0.5918814359674576,0.5490072253513114,138,C:\Users\yousif\Documents\AIC Data\aic-data\dataset3\jogging2\jogging2_30.mp4,C:\Users\yousif\Documents\AIC Data\our-data\V4RFlight112\anno\jogging2.txt,matched,V4RFlight112/jogging2,,
dataset3/motor1,dataset3,motor1,aic,unscored,0,0,0,0,178,dataset3__motor1,,,,0,C:\Users\yousif\Documents\AIC Data\aic-data\dataset3\motor1\motor1_24.mp4,C:\Users\yousif\Documents\AIC Data\aic-data\dataset3\motor1\annotation.txt,matched,V4RFlight112/motor1,,
dataset3/motor2,dataset3,motor2,local,scored,53,53,53,53,179,dataset3__motor2,0.9002695417789756,0.9442946990116801,0.9178796046720574,0,C:\Users\yousif\Documents\AIC Data\aic-data\dataset3\motor2\motor2_24.mp4,C:\Users\yousif\Documents\AIC Data\our-data\V4RFlight112\anno\motor2.txt,matched,V4RFlight112/motor2,,
dataset3/parterre1,dataset3,parterre1,aic,unscored,0,0,0,0,180,dataset3__parterre1,,,,0,C:\Users\yousif\Documents\AIC Data\aic-data\dataset3\parterre1\parterre1_30.mp4,C:\Users\yousif\Documents\AIC Data\aic-data\dataset3\parterre1\annotation.txt,matched,V4RFlight112/parterre1,,
dataset3/parterre2,dataset3,parterre2,local,scored,1705,1702,1702,1705,181,dataset3__parterre2,0.7588831067091937,0.8818756644843601,0.8080801298192601,0,C:\Users\yousif\Documents\AIC Data\aic-data\dataset3\parterre2\parterre2_30.mp4,C:\Users\yousif\Documents\AIC Data\our-data\V4RFlight112\anno\parterre2.txt,matched,V4RFlight112/parterre2,,
dataset3/pot_bunker,dataset3,pot_bunker,aic,unscored,0,0,0,0,182,dataset3__pot_bunker,,,,0,C:\Users\yousif\Documents\AIC Data\aic-data\dataset3\pot_bunker\pot_bunker_30.mp4,C:\Users\yousif\Documents\AIC Data\aic-data\dataset3\pot_bunker\annotation.txt,matched,V4RFlight112/pot bunker,,
dataset3/runner1,dataset3,runner1,aic,unscored,0,0,0,0,183,dataset3__runner1,,,,0,C:\Users\yousif\Documents\AIC Data\aic-data\dataset3\runner1\runner1_24.mp4,C:\Users\yousif\Documents\AIC Data\aic-data\dataset3\runner1\annotation.txt,matched,V4RFlight112/runner1,,
dataset3/runner2,dataset3,runner2,aic,unscored,0,0,0,0,184,dataset3__runner2,,,,0,C:\Users\yousif\Documents\AIC Data\aic-data\dataset3\runner2\runner2_24.mp4,C:\Users\yousif\Documents\AIC Data\aic-data\dataset3\runner2\annotation.txt,matched,V4RFlight112/runner2,,
dataset3/sand_truck-n,dataset3,sand_truck-n,aic,unscored,0,0,0,0,185,dataset3__sand_truck-n,,,,0,C:\Users\yousif\Documents\AIC Data\aic-data\dataset3\sand_truck-n\sand_truck-n_30.mp4,C:\Users\yousif\Documents\AIC Data\aic-data\dataset3\sand_truck-n\annotation.txt,matched,V4RFlight112/sand truck-n,,
dataset3/swan,dataset3,swan,aic,unscored,0,0,0,0,186,dataset3__swan,,,,0,C:\Users\yousif\Documents\AIC Data\aic-data\dataset3\swan\swan_30.mp4,C:\Users\yousif\Documents\AIC Data\aic-data\dataset3\swan\annotation.txt,matched,V4RFlight112/swan,,
dataset3/tennis_player1_1,dataset3,tennis_player1_1,aic,unscored,0,0,0,0,187,dataset3__tennis_player1_1,,,,0,C:\Users\yousif\Documents\AIC Data\aic-data\dataset3\tennis_player1_1\tennis_player1_1_30.mp4,C:\Users\yousif\Documents\AIC Data\aic-data\dataset3\tennis_player1_1\annotation.txt,matched,V4RFlight112/tennis player1_1,,
dataset3/tennis_player1_2,dataset3,tennis_player1_2,local,scored,1655,1589,1589,1655,188,dataset3__tennis_player1_2,0.7750007491983576,0.8706883634511073,0.8132757948994576,86,C:\Users\yousif\Documents\AIC Data\aic-data\dataset3\tennis_player1_2\tennis_player1_2_30.mp4,C:\Users\yousif\Documents\AIC Data\our-data\V4RFlight112\anno\tennis player1_2.txt,matched,V4RFlight112/tennis player1_2,,
dataset3/tower_crane,dataset3,tower_crane,aic,unscored,0,0,0,0,189,dataset3__tower_crane,,,,0,C:\Users\yousif\Documents\AIC Data\aic-data\dataset3\tower_crane\tower_crane_30.mp4,C:\Users\yousif\Documents\AIC Data\aic-data\dataset3\tower_crane\annotation.txt,matched,V4RFlight112/tower crane,,
dataset3/tree,dataset3,tree,aic,unscored,0,0,0,0,190,dataset3__tree,,,,0,C:\Users\yousif\Documents\AIC Data\aic-data\dataset3\tree\tree_30.mp4,C:\Users\yousif\Documents\AIC Data\aic-data\dataset3\tree\annotation.txt,matched,V4RFlight112/tree,,
dataset3/tricycle1_1,dataset3,tricycle1_1,aic,unscored,0,0,0,0,191,dataset3__tricycle1_1,,,,0,C:\Users\yousif\Documents\AIC Data\aic-data\dataset3\tricycle1_1\tricycle1_1_30.mp4,C:\Users\yousif\Documents\AIC Data\aic-data\dataset3\tricycle1_1\annotation.txt,matched,V4RFlight112/tricycle1_1,,
dataset3/tricycle1_2,dataset3,tricycle1_2,aic,unscored,0,0,0,0,192,dataset3__tricycle1_2,,,,0,C:\Users\yousif\Documents\AIC Data\aic-data\dataset3\tricycle1_2\tricycle1_2_30.mp4,C:\Users\yousif\Documents\AIC Data\aic-data\dataset3\tricycle1_2\annotation.txt,matched,V4RFlight112/tricycle1_2,,
dataset3/truck,dataset3,truck,local,scored,1871,1835,1835,1871,193,dataset3__truck,0.6816660179058,0.8095238095238095,0.7328091345530038,132,C:\Users\yousif\Documents\AIC Data\aic-data\dataset3\truck\truck_30.mp4,C:\Users\yousif\Documents\AIC Data\our-data\V4RFlight112\anno\truck.txt,matched,V4RFlight112/truck,,
dataset3/truck_night,dataset3,truck_night,aic,unscored,0,0,0,0,194,dataset3__truck_night,,,,0,C:\Users\yousif\Documents\AIC Data\aic-data\dataset3\truck_night\truck_night_30.mp4,C:\Users\yousif\Documents\AIC Data\aic-data\dataset3\truck_night\annotation.txt,matched,V4RFlight112/truck_night,,
dataset3/uav1,dataset3,uav1,aic,unscored,0,0,0,0,195,dataset3__uav1,,,,0,C:\Users\yousif\Documents\AIC Data\aic-data\dataset3\uav1\uav1_30.mp4,C:\Users\yousif\Documents\AIC Data\aic-data\dataset3\uav1\annotation.txt,matched,V4RFlight112/uav1,,
dataset3/uav2,dataset3,uav2,aic,unscored,0,0,0,0,196,dataset3__uav2,,,,0,C:\Users\yousif\Documents\AIC Data\aic-data\dataset3\uav2\uav2_30.mp4,C:\Users\yousif\Documents\AIC Data\aic-data\dataset3\uav2\annotation.txt,matched,V4RFlight112/uav2,,
dataset3/uav3_1,dataset3,uav3_1,aic,unscored,0,0,0,0,197,dataset3__uav3_1,,,,0,C:\Users\yousif\Documents\AIC Data\aic-data\dataset3\uav3_1\uav3_1_30.mp4,C:\Users\yousif\Documents\AIC Data\aic-data\dataset3\uav3_1\annotation.txt,matched,V4RFlight112/uav3_1,,
dataset3/uav3_2,dataset3,uav3_2,aic,unscored,0,0,0,0,198,dataset3__uav3_2,,,,0,C:\Users\yousif\Documents\AIC Data\aic-data\dataset3\uav3_2\uav3_2_30.mp4,C:\Users\yousif\Documents\AIC Data\aic-data\dataset3\uav3_2\annotation.txt,matched,V4RFlight112/uav3_2,,
dataset3/uav4,dataset3,uav4,aic,unscored,0,0,0,0,199,dataset3__uav4,,,,0,C:\Users\yousif\Documents\AIC Data\aic-data\dataset3\uav4\uav4_30.mp4,C:\Users\yousif\Documents\AIC Data\aic-data\dataset3\uav4\annotation.txt,matched,V4RFlight112/uav4,,
dataset3/uav5,dataset3,uav5,aic,unscored,0,0,0,0,200,dataset3__uav5,,,,0,C:\Users\yousif\Documents\AIC Data\aic-data\dataset3\uav5\uav5_24.mp4,C:\Users\yousif\Documents\AIC Data\aic-data\dataset3\uav5\annotation.txt,matched,V4RFlight112/uav5,,
dataset4/bike1,dataset4,bike1,aic,unscored,0,0,0,0,201,dataset4__bike1,,,,0,C:\Users\yousif\Documents\AIC Data\aic-data\dataset4\bike1\bike1_30.mp4,C:\Users\yousif\Documents\AIC Data\aic-data\dataset4\bike1\annotation.txt,matched,UAV20L/bike1,,
dataset4/bird1,dataset4,bird1,aic,unscored,0,0,0,0,202,dataset4__bird1,,,,0,C:\Users\yousif\Documents\AIC Data\aic-data\dataset4\bird1\bird1_30.mp4,C:\Users\yousif\Documents\AIC Data\aic-data\dataset4\bird1\annotation.txt,matched,UAV20L/bird1,,
dataset4/car1,dataset4,car1,aic,unscored,0,0,0,0,203,dataset4__car1,,,,0,C:\Users\yousif\Documents\AIC Data\aic-data\dataset4\car1\car1_96.mp4,C:\Users\yousif\Documents\AIC Data\aic-data\dataset4\car1\annotation.txt,matched,UAV20L/car1,,
dataset4/car16,dataset4,car16,aic,unscored,0,0,0,0,204,dataset4__car16,,,,0,C:\Users\yousif\Documents\AIC Data\aic-data\dataset4\car16\car16_96.mp4,C:\Users\yousif\Documents\AIC Data\aic-data\dataset4\car16\annotation.txt,matched,UAV20L/car16,,
dataset4/car3,dataset4,car3,aic,unscored,0,0,0,0,205,dataset4__car3,,,,0,C:\Users\yousif\Documents\AIC Data\aic-data\dataset4\car3\car3_96.mp4,C:\Users\yousif\Documents\AIC Data\aic-data\dataset4\car3\annotation.txt,matched,UAV20L/car3,,
dataset4/car6,dataset4,car6,aic,unscored,0,0,0,0,206,dataset4__car6,,,,0,C:\Users\yousif\Documents\AIC Data\aic-data\dataset4\car6\car6_96.mp4,C:\Users\yousif\Documents\AIC Data\aic-data\dataset4\car6\annotation.txt,matched,UAV20L/car6,,
dataset4/car8,dataset4,car8,aic,unscored,0,0,0,0,207,dataset4__car8,,,,0,C:\Users\yousif\Documents\AIC Data\aic-data\dataset4\car8\car8_96.mp4,C:\Users\yousif\Documents\AIC Data\aic-data\dataset4\car8\annotation.txt,matched,UAV20L/car8,,
dataset4/car9,dataset4,car9,aic,unscored,0,0,0,0,208,dataset4__car9,,,,0,C:\Users\yousif\Documents\AIC Data\aic-data\dataset4\car9\car9_96.mp4,C:\Users\yousif\Documents\AIC Data\aic-data\dataset4\car9\annotation.txt,matched,UAV20L/car9,,
dataset4/group1,dataset4,group1,aic,unscored,0,0,0,0,209,dataset4__group1,,,,0,C:\Users\yousif\Documents\AIC Data\aic-data\dataset4\group1\group1_30.mp4,C:\Users\yousif\Documents\AIC Data\aic-data\dataset4\group1\annotation.txt,matched,UAV20L/group1,,
dataset4/group2,dataset4,group2,local,scored,2683,2475,2475,2683,210,dataset4__group2,0.6981433381433382,0.8690331890331888,0.7664992784992785,175,C:\Users\yousif\Documents\AIC Data\aic-data\dataset4\group2\group2_96.mp4,C:\Users\yousif\Documents\AIC Data\our-data\UAV123\anno\UAV20L\group2.txt,matched,UAV20L/group2,,
dataset4/group3,dataset4,group3,aic,unscored,0,0,0,0,211,dataset4__group3,,,,0,C:\Users\yousif\Documents\AIC Data\aic-data\dataset4\group3\group3_96.mp4,C:\Users\yousif\Documents\AIC Data\aic-data\dataset4\group3\annotation.txt,matched,UAV20L/group3,,
dataset4/person14,dataset4,person14,aic,unscored,0,0,0,0,212,dataset4__person14,,,,0,C:\Users\yousif\Documents\AIC Data\aic-data\dataset4\person14\person14_96.mp4,C:\Users\yousif\Documents\AIC Data\aic-data\dataset4\person14\annotation.txt,matched,UAV20L/person14,,
dataset4/person17,dataset4,person17,aic,unscored,0,0,0,0,213,dataset4__person17,,,,0,C:\Users\yousif\Documents\AIC Data\aic-data\dataset4\person17\person17_96.mp4,C:\Users\yousif\Documents\AIC Data\aic-data\dataset4\person17\annotation.txt,matched,UAV20L/person17,,
dataset4/person19,dataset4,person19,local,scored,4357,4006,4006,4357,214,dataset4__person19,0.7217625942039321,0.7885077146185485,0.7484606423697786,505,C:\Users\yousif\Documents\AIC Data\aic-data\dataset4\person19\person19_96.mp4,C:\Users\yousif\Documents\AIC Data\our-data\UAV123\anno\UAV20L\person19.txt,matched,UAV20L/person19,,
dataset4/person2,dataset4,person2,aic,unscored,0,0,0,0,215,dataset4__person2,,,,0,C:\Users\yousif\Documents\AIC Data\aic-data\dataset4\person2\person2_30.mp4,C:\Users\yousif\Documents\AIC Data\aic-data\dataset4\person2\annotation.txt,matched,UAV20L/person2,,
dataset4/person20,dataset4,person20,local,scored,1783,1783,1783,1783,216,dataset4__person20,0.7883182437304705,0.9311753865876132,0.8454611008733276,0,C:\Users\yousif\Documents\AIC Data\aic-data\dataset4\person20\person20_96.mp4,C:\Users\yousif\Documents\AIC Data\our-data\UAV123\anno\UAV20L\person20.txt,matched,UAV20L/person20,,
dataset4/person4,dataset4,person4,local,scored,2743,2743,2743,2743,217,dataset4__person4,0.7998715344686906,0.9163238025797268,0.8464524417131051,0,C:\Users\yousif\Documents\AIC Data\aic-data\dataset4\person4\person4_30.mp4,C:\Users\yousif\Documents\AIC Data\our-data\UAV123\anno\UAV20L\person4.txt,matched,UAV20L/person4,,
dataset4/person5,dataset4,person5,local,scored,2101,2101,2101,2101,218,dataset4__person5,0.8617665057455633,0.9413657895333287,0.8936062192606695,0,C:\Users\yousif\Documents\AIC Data\aic-data\dataset4\person5\person5_30.mp4,C:\Users\yousif\Documents\AIC Data\our-data\UAV123\anno\UAV20L\person5.txt,matched,UAV20L/person5,,
dataset4/person7,dataset4,person7,aic,unscored,0,0,0,0,219,dataset4__person7,,,,0,C:\Users\yousif\Documents\AIC Data\aic-data\dataset4\person7\person7_30.mp4,C:\Users\yousif\Documents\AIC Data\aic-data\dataset4\person7\annotation.txt,matched,UAV20L/person7,,
dataset4/uav1,dataset4,uav1,aic,unscored,0,0,0,0,220,dataset4__uav1,,,,0,C:\Users\yousif\Documents\AIC Data\aic-data\dataset4\uav1\uav1_30.mp4,C:\Users\yousif\Documents\AIC Data\aic-data\dataset4\uav1\annotation.txt,matched,UAV20L/uav1,,
dataset5/bike1,dataset5,bike1,aic,unscored,0,0,0,0,221,dataset5__bike1,,,,0,C:\Users\yousif\Documents\AIC Data\aic-data\dataset5\bike1\bike1_30.mp4,C:\Users\yousif\Documents\AIC Data\aic-data\dataset5\bike1\annotation.txt,matched,UAV20L/bike1,,
dataset5/bike2,dataset5,bike2,aic,unscored,0,0,0,0,222,dataset5__bike2,,,,0,C:\Users\yousif\Documents\AIC Data\aic-data\dataset5\bike2\bike2_30.mp4,C:\Users\yousif\Documents\AIC Data\aic-data\dataset5\bike2\annotation.txt,matched,UAV123/bike2,,
dataset5/bike3,dataset5,bike3,aic,unscored,0,0,0,0,223,dataset5__bike3,,,,0,C:\Users\yousif\Documents\AIC Data\aic-data\dataset5\bike3\bike3_30.mp4,C:\Users\yousif\Documents\AIC Data\aic-data\dataset5\bike3\annotation.txt,matched,UAV123/bike3,,
dataset5/bird1_1,dataset5,bird1_1,aic,unscored,0,0,0,0,224,dataset5__bird1_1,,,,0,C:\Users\yousif\Documents\AIC Data\aic-data\dataset5\bird1_1\bird1_1_30.mp4,C:\Users\yousif\Documents\AIC Data\aic-data\dataset5\bird1_1\annotation.txt,matched,UAV123/bird1_1,,
dataset5/bird1_2,dataset5,bird1_2,aic,unscored,0,0,0,0,225,dataset5__bird1_2,,,,0,C:\Users\yousif\Documents\AIC Data\aic-data\dataset5\bird1_2\bird1_2_30.mp4,C:\Users\yousif\Documents\AIC Data\aic-data\dataset5\bird1_2\annotation.txt,matched,UAV123/bird1_2,,
dataset5/bird1_3,dataset5,bird1_3,aic,unscored,0,0,0,0,226,dataset5__bird1_3,,,,0,C:\Users\yousif\Documents\AIC Data\aic-data\dataset5\bird1_3\bird1_3_30.mp4,C:\Users\yousif\Documents\AIC Data\aic-data\dataset5\bird1_3\annotation.txt,matched,UAV123/bird1_3,,
dataset5/boat1,dataset5,boat1,aic,unscored,0,0,0,0,227,dataset5__boat1,,,,0,C:\Users\yousif\Documents\AIC Data\aic-data\dataset5\boat1\boat1_30.mp4,C:\Users\yousif\Documents\AIC Data\aic-data\dataset5\boat1\annotation.txt,matched,UAV123/boat1,,
dataset5/boat2,dataset5,boat2,aic,unscored,0,0,0,0,228,dataset5__boat2,,,,0,C:\Users\yousif\Documents\AIC Data\aic-data\dataset5\boat2\boat2_30.mp4,C:\Users\yousif\Documents\AIC Data\aic-data\dataset5\boat2\annotation.txt,matched,UAV123/boat2,,
dataset5/boat3,dataset5,boat3,local,scored,901,901,901,901,229,dataset5__boat3,0.7920300195549917,0.9184503990275356,0.8425981713440093,0,C:\Users\yousif\Documents\AIC Data\aic-data\dataset5\boat3\boat3_30.mp4,C:\Users\yousif\Documents\AIC Data\our-data\UAV123\anno\UAV123\boat3.txt,matched,UAV123/boat3,,
dataset5/boat4,dataset5,boat4,aic,unscored,0,0,0,0,230,dataset5__boat4,,,,0,C:\Users\yousif\Documents\AIC Data\aic-data\dataset5\boat4\boat4_30.mp4,C:\Users\yousif\Documents\AIC Data\aic-data\dataset5\boat4\annotation.txt,matched,UAV123/boat4,,
dataset5/boat5,dataset5,boat5,local,scored,505,505,505,505,231,dataset5__boat5,0.8646864686468647,0.9445544554455445,0.8966336633663367,0,C:\Users\yousif\Documents\AIC Data\aic-data\dataset5\boat5\boat5_30.mp4,C:\Users\yousif\Documents\AIC Data\our-data\UAV123\anno\UAV123\boat5.txt,matched,UAV123/boat5,,
dataset5/boat6,dataset5,boat6,aic,unscored,0,0,0,0,232,dataset5__boat6,,,,0,C:\Users\yousif\Documents\AIC Data\aic-data\dataset5\boat6\boat6_30.mp4,C:\Users\yousif\Documents\AIC Data\aic-data\dataset5\boat6\annotation.txt,matched,UAV123/boat6,,
dataset5/boat7,dataset5,boat7,aic,unscored,0,0,0,0,233,dataset5__boat7,,,,0,C:\Users\yousif\Documents\AIC Data\aic-data\dataset5\boat7\boat7_96.mp4,C:\Users\yousif\Documents\AIC Data\aic-data\dataset5\boat7\annotation.txt,matched,UAV123/boat7,,
dataset5/boat8,dataset5,boat8,local,scored,685,685,685,685,234,dataset5__boat8,0.5750434480361487,0.7463329857490442,0.643559263121307,0,C:\Users\yousif\Documents\AIC Data\aic-data\dataset5\boat8\boat8_96.mp4,C:\Users\yousif\Documents\AIC Data\our-data\UAV123\anno\UAV123\boat8.txt,matched,UAV123/boat8,,
dataset5/boat9,dataset5,boat9,aic,unscored,0,0,0,0,235,dataset5__boat9,,,,0,C:\Users\yousif\Documents\AIC Data\aic-data\dataset5\boat9\boat9_96.mp4,C:\Users\yousif\Documents\AIC Data\aic-data\dataset5\boat9\annotation.txt,matched,UAV123/boat9,,
dataset5/building1,dataset5,building1,local,scored,469,469,469,469,236,dataset5__building1,0.8756218905472638,0.9413138389684231,0.9018986699157276,0,C:\Users\yousif\Documents\AIC Data\aic-data\dataset5\building1\building1_30.mp4,C:\Users\yousif\Documents\AIC Data\our-data\UAV123\anno\UAV123\building1.txt,matched,UAV123/building1,,
dataset5/building2,dataset5,building2,aic,unscored,0,0,0,0,237,dataset5__building2,,,,0,C:\Users\yousif\Documents\AIC Data\aic-data\dataset5\building2\building2_30.mp4,C:\Users\yousif\Documents\AIC Data\aic-data\dataset5\building2\annotation.txt,matched,UAV123/building2,,
dataset5/building3,dataset5,building3,aic,unscored,0,0,0,0,238,dataset5__building3,,,,0,C:\Users\yousif\Documents\AIC Data\aic-data\dataset5\building3\building3_30.mp4,C:\Users\yousif\Documents\AIC Data\aic-data\dataset5\building3\annotation.txt,matched,UAV123/building3,,
dataset5/building4,dataset5,building4,local,scored,787,787,787,787,239,dataset5__building4,0.679070611726266,0.8136382888606523,0.7328976825800205,0,C:\Users\yousif\Documents\AIC Data\aic-data\dataset5\building4\building4_30.mp4,C:\Users\yousif\Documents\AIC Data\our-data\UAV123\anno\UAV123\building4.txt,matched,UAV123/building4,,
dataset5/building5,dataset5,building5,aic,unscored,0,0,0,0,240,dataset5__building5,,,,0,C:\Users\yousif\Documents\AIC Data\aic-data\dataset5\building5\building5_96.mp4,C:\Users\yousif\Documents\AIC Data\aic-data\dataset5\building5\annotation.txt,matched,UAV123/building5,,
dataset5/car10,dataset5,car10,aic,unscored,0,0,0,0,241,dataset5__car10,,,,0,C:\Users\yousif\Documents\AIC Data\aic-data\dataset5\car10\car10_96.mp4,C:\Users\yousif\Documents\AIC Data\aic-data\dataset5\car10\annotation.txt,matched,UAV123/car10,,
dataset5/car11,dataset5,car11,aic,unscored,0,0,0,0,242,dataset5__car11,,,,0,C:\Users\yousif\Documents\AIC Data\aic-data\dataset5\car11\car11_60.mp4,C:\Users\yousif\Documents\AIC Data\aic-data\dataset5\car11\annotation.txt,matched,UAV123/car11,,
dataset5/car12,dataset5,car12,aic,unscored,0,0,0,0,243,dataset5__car12,,,,0,C:\Users\yousif\Documents\AIC Data\aic-data\dataset5\car12\car12_96.mp4,C:\Users\yousif\Documents\AIC Data\aic-data\dataset5\car12\annotation.txt,matched,UAV123/car12,,
dataset5/car13,dataset5,car13,aic,unscored,0,0,0,0,244,dataset5__car13,,,,0,C:\Users\yousif\Documents\AIC Data\aic-data\dataset5\car13\car13_96.mp4,C:\Users\yousif\Documents\AIC Data\aic-data\dataset5\car13\annotation.txt,matched,UAV123/car13,,
dataset5/car14,dataset5,car14,aic,unscored,0,0,0,0,245,dataset5__car14,,,,0,C:\Users\yousif\Documents\AIC Data\aic-data\dataset5\car14\car14_96.mp4,C:\Users\yousif\Documents\AIC Data\aic-data\dataset5\car14\annotation.txt,matched,UAV123/car14,,
dataset5/car15,dataset5,car15,aic,unscored,0,0,0,0,246,dataset5__car15,,,,0,C:\Users\yousif\Documents\AIC Data\aic-data\dataset5\car15\car15_30.mp4,C:\Users\yousif\Documents\AIC Data\aic-data\dataset5\car15\annotation.txt,matched,UAV123/car15,,
dataset5/car16_1,dataset5,car16_1,aic,unscored,0,0,0,0,247,dataset5__car16_1,,,,0,C:\Users\yousif\Documents\AIC Data\aic-data\dataset5\car16_1\car16_1_96.mp4,C:\Users\yousif\Documents\AIC Data\aic-data\dataset5\car16_1\annotation.txt,matched,UAV123/car16_1,,
dataset5/car16_2,dataset5,car16_2,aic,unscored,0,0,0,0,248,dataset5__car16_2,,,,0,C:\Users\yousif\Documents\AIC Data\aic-data\dataset5\car16_2\car16_2_96.mp4,C:\Users\yousif\Documents\AIC Data\aic-data\dataset5\car16_2\annotation.txt,matched,UAV123/car16_2,,
dataset5/car17,dataset5,car17,aic,unscored,0,0,0,0,249,dataset5__car17,,,,0,C:\Users\yousif\Documents\AIC Data\aic-data\dataset5\car17\car17_96.mp4,C:\Users\yousif\Documents\AIC Data\aic-data\dataset5\car17\annotation.txt,matched,UAV123/car17,,
dataset5/car18,dataset5,car18,aic,unscored,0,0,0,0,250,dataset5__car18,,,,0,C:\Users\yousif\Documents\AIC Data\aic-data\dataset5\car18\car18_96.mp4,C:\Users\yousif\Documents\AIC Data\aic-data\dataset5\car18\annotation.txt,matched,UAV123/car18,,
dataset5/car1_1,dataset5,car1_1,aic,unscored,0,0,0,0,251,dataset5__car1_1,,,,0,C:\Users\yousif\Documents\AIC Data\aic-data\dataset5\car1_1\car1_1_96.mp4,C:\Users\yousif\Documents\AIC Data\aic-data\dataset5\car1_1\annotation.txt,matched,UAV123/car1_1,,
dataset5/car1_2,dataset5,car1_2,aic,unscored,0,0,0,0,252,dataset5__car1_2,,,,0,C:\Users\yousif\Documents\AIC Data\aic-data\dataset5\car1_2\car1_2_96.mp4,C:\Users\yousif\Documents\AIC Data\aic-data\dataset5\car1_2\annotation.txt,matched,UAV123/car1_2,,
dataset5/car1_3,dataset5,car1_3,aic,unscored,0,0,0,0,253,dataset5__car1_3,,,,0,C:\Users\yousif\Documents\AIC Data\aic-data\dataset5\car1_3\car1_3_96.mp4,C:\Users\yousif\Documents\AIC Data\aic-data\dataset5\car1_3\annotation.txt,matched,UAV123/car1_3,,
dataset5/car1_s,dataset5,car1_s,aic,unscored,0,0,0,0,254,dataset5__car1_s,,,,0,C:\Users\yousif\Documents\AIC Data\aic-data\dataset5\car1_s\car1_s_30.mp4,C:\Users\yousif\Documents\AIC Data\aic-data\dataset5\car1_s\annotation.txt,matched,UAV123/car1_s,,
dataset5/car2,dataset5,car2,aic,unscored,0,0,0,0,255,dataset5__car2,,,,0,C:\Users\yousif\Documents\AIC Data\aic-data\dataset5\car2\car2_96.mp4,C:\Users\yousif\Documents\AIC Data\aic-data\dataset5\car2\annotation.txt,matched,UAV123/car2,,
dataset5/car2_s,dataset5,car2_s,aic,unscored,0,0,0,0,256,dataset5__car2_s,,,,0,C:\Users\yousif\Documents\AIC Data\aic-data\dataset5\car2_s\car2_s_30.mp4,C:\Users\yousif\Documents\AIC Data\aic-data\dataset5\car2_s\annotation.txt,matched,UAV123/car2_s,,
dataset5/car3,dataset5,car3,aic,unscored,0,0,0,0,257,dataset5__car3,,,,0,C:\Users\yousif\Documents\AIC Data\aic-data\dataset5\car3\car3_96.mp4,C:\Users\yousif\Documents\AIC Data\aic-data\dataset5\car3\annotation.txt,matched,UAV20L/car3,,
dataset5/car3_s,dataset5,car3_s,local,scored,1300,1300,1300,1300,258,dataset5__car3_s,0.7320879120879121,0.8534798534798534,0.7806446886446887,0,C:\Users\yousif\Documents\AIC Data\aic-data\dataset5\car3_s\car3_s_30.mp4,C:\Users\yousif\Documents\AIC Data\our-data\UAV123\anno\UAV123\car3_s.txt,matched,UAV123/car3_s,,
dataset5/car4,dataset5,car4,local,scored,1345,1345,1345,1345,259,dataset5__car4,0.8207824393697999,0.8965834661001947,0.8511028500619578,44,C:\Users\yousif\Documents\AIC Data\aic-data\dataset5\car4\car4_96.mp4,C:\Users\yousif\Documents\AIC Data\our-data\UAV123\anno\UAV123\car4.txt,matched,UAV123/car4,,
dataset5/car4_s,dataset5,car4_s,aic,unscored,0,0,0,0,260,dataset5__car4_s,,,,0,C:\Users\yousif\Documents\AIC Data\aic-data\dataset5\car4_s\car4_s_30.mp4,C:\Users\yousif\Documents\AIC Data\aic-data\dataset5\car4_s\annotation.txt,matched,UAV123/car4_s,,
dataset5/car5,dataset5,car5,aic,unscored,0,0,0,0,261,dataset5__car5,,,,0,C:\Users\yousif\Documents\AIC Data\aic-data\dataset5\car5\car5_96.mp4,C:\Users\yousif\Documents\AIC Data\aic-data\dataset5\car5\annotation.txt,matched,UAV123/car5,,
dataset5/car6_1,dataset5,car6_1,aic,unscored,0,0,0,0,262,dataset5__car6_1,,,,0,C:\Users\yousif\Documents\AIC Data\aic-data\dataset5\car6_1\car6_1_96.mp4,C:\Users\yousif\Documents\AIC Data\aic-data\dataset5\car6_1\annotation.txt,matched,UAV123/car6_1,,
dataset5/car6_2,dataset5,car6_2,aic,unscored,0,0,0,0,263,dataset5__car6_2,,,,0,C:\Users\yousif\Documents\AIC Data\aic-data\dataset5\car6_2\car6_2_96.mp4,C:\Users\yousif\Documents\AIC Data\aic-data\dataset5\car6_2\annotation.txt,matched,UAV123/car6_2,,
dataset5/car6_3,dataset5,car6_3,aic,unscored,0,0,0,0,264,dataset5__car6_3,,,,0,C:\Users\yousif\Documents\AIC Data\aic-data\dataset5\car6_3\car6_3_96.mp4,C:\Users\yousif\Documents\AIC Data\aic-data\dataset5\car6_3\annotation.txt,matched,UAV123/car6_3,,
dataset5/car6_4,dataset5,car6_4,aic,unscored,0,0,0,0,265,dataset5__car6_4,,,,0,C:\Users\yousif\Documents\AIC Data\aic-data\dataset5\car6_4\car6_4_96.mp4,C:\Users\yousif\Documents\AIC Data\aic-data\dataset5\car6_4\annotation.txt,matched,UAV123/car6_4,,
dataset5/car6_5,dataset5,car6_5,aic,unscored,0,0,0,0,266,dataset5__car6_5,,,,0,C:\Users\yousif\Documents\AIC Data\aic-data\dataset5\car6_5\car6_5_96.mp4,C:\Users\yousif\Documents\AIC Data\aic-data\dataset5\car6_5\annotation.txt,matched,UAV123/car6_5,,
dataset5/car7,dataset5,car7,aic,unscored,0,0,0,0,267,dataset5__car7,,,,0,C:\Users\yousif\Documents\AIC Data\aic-data\dataset5\car7\car7_96.mp4,C:\Users\yousif\Documents\AIC Data\aic-data\dataset5\car7\annotation.txt,matched,UAV123/car7,,
dataset5/car8_1,dataset5,car8_1,aic,unscored,0,0,0,0,268,dataset5__car8_1,,,,0,C:\Users\yousif\Documents\AIC Data\aic-data\dataset5\car8_1\car8_1_96.mp4,C:\Users\yousif\Documents\AIC Data\aic-data\dataset5\car8_1\annotation.txt,matched,UAV123/car8_1,,
dataset5/car8_2,dataset5,car8_2,aic,unscored,0,0,0,0,269,dataset5__car8_2,,,,0,C:\Users\yousif\Documents\AIC Data\aic-data\dataset5\car8_2\car8_2_96.mp4,C:\Users\yousif\Documents\AIC Data\aic-data\dataset5\car8_2\annotation.txt,matched,UAV123/car8_2,,
dataset5/car9,dataset5,car9,aic,unscored,0,0,0,0,270,dataset5__car9,,,,0,C:\Users\yousif\Documents\AIC Data\aic-data\dataset5\car9\car9_96.mp4,C:\Users\yousif\Documents\AIC Data\aic-data\dataset5\car9\annotation.txt,matched,UAV20L/car9,,
dataset5/group1_1,dataset5,group1_1,aic,unscored,0,0,0,0,271,dataset5__group1_1,,,,0,C:\Users\yousif\Documents\AIC Data\aic-data\dataset5\group1_1\group1_1_30.mp4,C:\Users\yousif\Documents\AIC Data\aic-data\dataset5\group1_1\annotation.txt,matched,UAV123/group1_1,,
dataset5/group1_2,dataset5,group1_2,aic,unscored,0,0,0,0,272,dataset5__group1_2,,,,0,C:\Users\yousif\Documents\AIC Data\aic-data\dataset5\group1_2\group1_2_30.mp4,C:\Users\yousif\Documents\AIC Data\aic-data\dataset5\group1_2\annotation.txt,matched,UAV123/group1_2,,
dataset5/group1_3,dataset5,group1_3,aic,unscored,0,0,0,0,273,dataset5__group1_3,,,,0,C:\Users\yousif\Documents\AIC Data\aic-data\dataset5\group1_3\group1_3_30.mp4,C:\Users\yousif\Documents\AIC Data\aic-data\dataset5\group1_3\annotation.txt,matched,UAV123/group1_3,,
dataset5/group1_4,dataset5,group1_4,aic,unscored,0,0,0,0,274,dataset5__group1_4,,,,0,C:\Users\yousif\Documents\AIC Data\aic-data\dataset5\group1_4\group1_4_30.mp4,C:\Users\yousif\Documents\AIC Data\aic-data\dataset5\group1_4\annotation.txt,matched,UAV123/group1_4,,
dataset5/group2_1,dataset5,group2_1,local,scored,907,840,840,907,275,dataset5__group2_1,0.721031746031746,0.8926303854875283,0.789671201814059,55,C:\Users\yousif\Documents\AIC Data\aic-data\dataset5\group2_1\group2_1_96.mp4,C:\Users\yousif\Documents\AIC Data\our-data\UAV123\anno\UAV123\group2_1.txt,matched,UAV123/group2_1,,
dataset5/group2_2,dataset5,group2_2,local,scored,865,848,848,865,276,dataset5__group2_2,0.7264150943396226,0.8890947888589397,0.7914869721473494,0,C:\Users\yousif\Documents\AIC Data\aic-data\dataset5\group2_2\group2_2_96.mp4,C:\Users\yousif\Documents\AIC Data\our-data\UAV123\anno\UAV123\group2_2.txt,matched,UAV123/group2_2,,
dataset5/group2_3,dataset5,group2_3,local,scored,913,789,789,913,277,dataset5__group2_3,0.6844710000603537,0.8217152513730461,0.7393687005854307,131,C:\Users\yousif\Documents\AIC Data\aic-data\dataset5\group2_3\group2_3_96.mp4,C:\Users\yousif\Documents\AIC Data\our-data\UAV123\anno\UAV123\group2_3.txt,matched,UAV123/group2_3,,
dataset5/group3_1,dataset5,group3_1,aic,unscored,0,0,0,0,278,dataset5__group3_1,,,,0,C:\Users\yousif\Documents\AIC Data\aic-data\dataset5\group3_1\group3_1_96.mp4,C:\Users\yousif\Documents\AIC Data\aic-data\dataset5\group3_1\annotation.txt,matched,UAV123/group3_1,,
dataset5/group3_2,dataset5,group3_2,aic,unscored,0,0,0,0,279,dataset5__group3_2,,,,0,C:\Users\yousif\Documents\AIC Data\aic-data\dataset5\group3_2\group3_2_96.mp4,C:\Users\yousif\Documents\AIC Data\aic-data\dataset5\group3_2\annotation.txt,matched,UAV123/group3_2,,
dataset5/group3_3,dataset5,group3_3,aic,unscored,0,0,0,0,280,dataset5__group3_3,,,,0,C:\Users\yousif\Documents\AIC Data\aic-data\dataset5\group3_3\group3_3_96.mp4,C:\Users\yousif\Documents\AIC Data\aic-data\dataset5\group3_3\annotation.txt,matched,UAV123/group3_3,,
dataset5/group3_4,dataset5,group3_4,aic,unscored,0,0,0,0,281,dataset5__group3_4,,,,0,C:\Users\yousif\Documents\AIC Data\aic-data\dataset5\group3_4\group3_4_96.mp4,C:\Users\yousif\Documents\AIC Data\aic-data\dataset5\group3_4\annotation.txt,matched,UAV123/group3_4,,
dataset5/person1,dataset5,person1,local,scored,799,799,799,799,282,dataset5__person1,0.8511830264020501,0.9345014601585314,0.8845103999046426,0,C:\Users\yousif\Documents\AIC Data\aic-data\dataset5\person1\person1_30.mp4,C:\Users\yousif\Documents\AIC Data\our-data\UAV123\anno\UAV123\person1.txt,matched,UAV123/person1,,
dataset5/person10,dataset5,person10,aic,unscored,0,0,0,0,283,dataset5__person10,,,,0,C:\Users\yousif\Documents\AIC Data\aic-data\dataset5\person10\person10_30.mp4,C:\Users\yousif\Documents\AIC Data\aic-data\dataset5\person10\annotation.txt,matched,UAV123/person10,,
dataset5/person11,dataset5,person11,aic,unscored,0,0,0,0,284,dataset5__person11,,,,0,C:\Users\yousif\Documents\AIC Data\aic-data\dataset5\person11\person11_30.mp4,C:\Users\yousif\Documents\AIC Data\aic-data\dataset5\person11\annotation.txt,matched,UAV123/person11,,
dataset5/person12_1,dataset5,person12_1,aic,unscored,0,0,0,0,285,dataset5__person12_1,,,,0,C:\Users\yousif\Documents\AIC Data\aic-data\dataset5\person12_1\person12_1_30.mp4,C:\Users\yousif\Documents\AIC Data\aic-data\dataset5\person12_1\annotation.txt,matched,UAV123/person12_1,,
dataset5/person12_2,dataset5,person12_2,aic,unscored,0,0,0,0,286,dataset5__person12_2,,,,0,C:\Users\yousif\Documents\AIC Data\aic-data\dataset5\person12_2\person12_2_30.mp4,C:\Users\yousif\Documents\AIC Data\aic-data\dataset5\person12_2\annotation.txt,matched,UAV123/person12_2,,
dataset5/person13,dataset5,person13,aic,unscored,0,0,0,0,287,dataset5__person13,,,,0,C:\Users\yousif\Documents\AIC Data\aic-data\dataset5\person13\person13_30.mp4,C:\Users\yousif\Documents\AIC Data\aic-data\dataset5\person13\annotation.txt,matched,UAV123/person13,,
dataset5/person14_1,dataset5,person14_1,aic,unscored,0,0,0,0,288,dataset5__person14_1,,,,0,C:\Users\yousif\Documents\AIC Data\aic-data\dataset5\person14_1\person14_1_96.mp4,C:\Users\yousif\Documents\AIC Data\aic-data\dataset5\person14_1\annotation.txt,matched,UAV123/person14_1,,
dataset5/person14_2,dataset5,person14_2,aic,unscored,0,0,0,0,289,dataset5__person14_2,,,,0,C:\Users\yousif\Documents\AIC Data\aic-data\dataset5\person14_2\person14_2_96.mp4,C:\Users\yousif\Documents\AIC Data\aic-data\dataset5\person14_2\annotation.txt,matched,UAV123/person14_2,,
dataset5/person14_3,dataset5,person14_3,aic,unscored,0,0,0,0,290,dataset5__person14_3,,,,0,C:\Users\yousif\Documents\AIC Data\aic-data\dataset5\person14_3\person14_3_96.mp4,C:\Users\yousif\Documents\AIC Data\aic-data\dataset5\person14_3\annotation.txt,matched,UAV123/person14_3,,
dataset5/person15,dataset5,person15,local,scored,1339,1339,1339,1339,291,dataset5__person15,0.852733027490309,0.9376578114442192,0.886702941071873,0,C:\Users\yousif\Documents\AIC Data\aic-data\dataset5\person15\person15_96.mp4,C:\Users\yousif\Documents\AIC Data\our-data\UAV123\anno\UAV123\person15.txt,matched,UAV123/person15,,
dataset5/person16,dataset5,person16,local,scored,1147,1038,1038,1147,292,dataset5__person16,0.8001651527663087,0.8591155151848794,0.823745297733737,119,C:\Users\yousif\Documents\AIC Data\aic-data\dataset5\person16\person16_96.mp4,C:\Users\yousif\Documents\AIC Data\our-data\UAV123\anno\UAV123\person16.txt,matched,UAV123/person16,,
dataset5/person17_1,dataset5,person17_1,aic,unscored,0,0,0,0,293,dataset5__person17_1,,,,0,C:\Users\yousif\Documents\AIC Data\aic-data\dataset5\person17_1\person17_1_96.mp4,C:\Users\yousif\Documents\AIC Data\aic-data\dataset5\person17_1\annotation.txt,matched,UAV123/person17_1,,
dataset5/person17_2,dataset5,person17_2,aic,unscored,0,0,0,0,294,dataset5__person17_2,,,,0,C:\Users\yousif\Documents\AIC Data\aic-data\dataset5\person17_2\person17_2_96.mp4,C:\Users\yousif\Documents\AIC Data\aic-data\dataset5\person17_2\annotation.txt,matched,UAV123/person17_2,,
dataset5/person18,dataset5,person18,aic,unscored,0,0,0,0,295,dataset5__person18,,,,0,C:\Users\yousif\Documents\AIC Data\aic-data\dataset5\person18\person18_96.mp4,C:\Users\yousif\Documents\AIC Data\aic-data\dataset5\person18\annotation.txt,matched,UAV123/person18,,
dataset5/person19_1,dataset5,person19_1,local,scored,1243,1148,1148,1243,296,dataset5__person19_1,0.8860544217687073,0.9395221503235442,0.907441513190642,59,C:\Users\yousif\Documents\AIC Data\aic-data\dataset5\person19_1\person19_1_96.mp4,C:\Users\yousif\Documents\AIC Data\our-data\UAV123\anno\UAV123\person19_1.txt,matched,UAV123/person19_1,,
dataset5/person19_2,dataset5,person19_2,local,scored,1549,1469,1469,1549,297,dataset5__person19_2,0.8861875587539304,0.9456708483257155,0.9099808745826443,74,C:\Users\yousif\Documents\AIC Data\aic-data\dataset5\person19_2\person19_2_96.mp4,C:\Users\yousif\Documents\AIC Data\our-data\UAV123\anno\UAV123\person19_2.txt,matched,UAV123/person19_2,,
dataset5/person19_3,dataset5,person19_3,local,scored,1567,1391,1391,1567,298,dataset5__person19_3,0.6162062236828593,0.7374961487111017,0.6647221936941563,320,C:\Users\yousif\Documents\AIC Data\aic-data\dataset5\person19_3\person19_3_96.mp4,C:\Users\yousif\Documents\AIC Data\our-data\UAV123\anno\UAV123\person19_3.txt,matched,UAV123/person19_3,,
dataset5/person1_s,dataset5,person1_s,aic,unscored,0,0,0,0,299,dataset5__person1_s,,,,0,C:\Users\yousif\Documents\AIC Data\aic-data\dataset5\person1_s\person1_s_30.mp4,C:\Users\yousif\Documents\AIC Data\aic-data\dataset5\person1_s\annotation.txt,matched,UAV123/person1_s,,
dataset5/person20,dataset5,person20,local,scored,1783,1783,1783,1783,300,dataset5__person20,0.7883182437304705,0.9311753865876132,0.8454611008733276,0,C:\Users\yousif\Documents\AIC Data\aic-data\dataset5\person20\person20_96.mp4,C:\Users\yousif\Documents\AIC Data\our-data\UAV123\anno\UAV20L\person20.txt,matched,UAV20L/person20,,
dataset5/person21,dataset5,person21,aic,unscored,0,0,0,0,301,dataset5__person21,,,,0,C:\Users\yousif\Documents\AIC Data\aic-data\dataset5\person21\person21_30.mp4,C:\Users\yousif\Documents\AIC Data\aic-data\dataset5\person21\annotation.txt,matched,UAV123/person21,,
dataset5/person22,dataset5,person22,aic,unscored,0,0,0,0,302,dataset5__person22,,,,0,C:\Users\yousif\Documents\AIC Data\aic-data\dataset5\person22\person22_30.mp4,C:\Users\yousif\Documents\AIC Data\aic-data\dataset5\person22\annotation.txt,matched,UAV123/person22,,
dataset5/person23,dataset5,person23,aic,unscored,0,0,0,0,303,dataset5__person23,,,,0,C:\Users\yousif\Documents\AIC Data\aic-data\dataset5\person23\person23_30.mp4,C:\Users\yousif\Documents\AIC Data\aic-data\dataset5\person23\annotation.txt,matched,UAV123/person23,,
dataset5/person2_1,dataset5,person2_1,aic,unscored,0,0,0,0,304,dataset5__person2_1,,,,0,C:\Users\yousif\Documents\AIC Data\aic-data\dataset5\person2_1\person2_1_30.mp4,C:\Users\yousif\Documents\AIC Data\aic-data\dataset5\person2_1\annotation.txt,matched,UAV123/person2_1,,
dataset5/person2_2,dataset5,person2_2,aic,unscored,0,0,0,0,305,dataset5__person2_2,,,,0,C:\Users\yousif\Documents\AIC Data\aic-data\dataset5\person2_2\person2_2_30.mp4,C:\Users\yousif\Documents\AIC Data\aic-data\dataset5\person2_2\annotation.txt,matched,UAV123/person2_2,,
dataset5/person2_s,dataset5,person2_s,aic,unscored,0,0,0,0,306,dataset5__person2_s,,,,0,C:\Users\yousif\Documents\AIC Data\aic-data\dataset5\person2_s\person2_s_30.mp4,C:\Users\yousif\Documents\AIC Data\aic-data\dataset5\person2_s\annotation.txt,matched,UAV123/person2_s,,
dataset5/person3,dataset5,person3,aic,unscored,0,0,0,0,307,dataset5__person3,,,,0,C:\Users\yousif\Documents\AIC Data\aic-data\dataset5\person3\person3_30.mp4,C:\Users\yousif\Documents\AIC Data\aic-data\dataset5\person3\annotation.txt,matched,UAV123/person3,,
dataset5/person3_s,dataset5,person3_s,local,scored,505,505,505,505,308,dataset5__person3_s,0.778217821782178,0.8777934936350776,0.8180480905233378,0,C:\Users\yousif\Documents\AIC Data\aic-data\dataset5\person3_s\person3_s_30.mp4,C:\Users\yousif\Documents\AIC Data\our-data\UAV123\anno\UAV123\person3_s.txt,matched,UAV123/person3_s,,
dataset5/person4_1,dataset5,person4_1,local,scored,1501,1501,1501,1501,309,dataset5__person4_1,0.7646013768598712,0.8948320167507375,0.8166936328162178,0,C:\Users\yousif\Documents\AIC Data\aic-data\dataset5\person4_1\person4_1_30.mp4,C:\Users\yousif\Documents\AIC Data\our-data\UAV123\anno\UAV123\person4_1.txt,matched,UAV123/person4_1,,
dataset5/person4_2,dataset5,person4_2,local,scored,1243,1243,1243,1243,310,dataset5__person4_2,0.8664521319388576,0.9462896985020878,0.8983871585641496,0,C:\Users\yousif\Documents\AIC Data\aic-data\dataset5\person4_2\person4_2_30.mp4,C:\Users\yousif\Documents\AIC Data\our-data\UAV123\anno\UAV123\person4_2.txt,matched,UAV123/person4_2,,
dataset5/person5_1,dataset5,person5_1,local,scored,877,877,877,877,311,dataset5__person5_1,0.8690883422924474,0.9459738285279904,0.8998425367866645,0,C:\Users\yousif\Documents\AIC Data\aic-data\dataset5\person5_1\person5_1_30.mp4,C:\Users\yousif\Documents\AIC Data\our-data\UAV123\anno\UAV123\person5_1.txt,matched,UAV123/person5_1,,
dataset5/person5_2,dataset5,person5_2,local,scored,1225,1225,1225,1225,312,dataset5__person5_2,0.8647230320699707,0.9402915451895043,0.8949504373177841,0,C:\Users\yousif\Documents\AIC Data\aic-data\dataset5\person5_2\person5_2_30.mp4,C:\Users\yousif\Documents\AIC Data\our-data\UAV123\anno\UAV123\person5_2.txt,matched,UAV123/person5_2,,
dataset5/person6,dataset5,person6,local,scored,901,901,901,901,313,dataset5__person6,0.8690872575445274,0.9428148617937742,0.8985782992442262,0,C:\Users\yousif\Documents\AIC Data\aic-data\dataset5\person6\person6_30.mp4,C:\Users\yousif\Documents\AIC Data\our-data\UAV123\anno\UAV123\person6.txt,matched,UAV123/person6,,
dataset5/person7_1,dataset5,person7_1,aic,unscored,0,0,0,0,314,dataset5__person7_1,,,,0,C:\Users\yousif\Documents\AIC Data\aic-data\dataset5\person7_1\person7_1_30.mp4,C:\Users\yousif\Documents\AIC Data\aic-data\dataset5\person7_1\annotation.txt,matched,UAV123/person7_1,,
dataset5/person7_2,dataset5,person7_2,aic,unscored,0,0,0,0,315,dataset5__person7_2,,,,0,C:\Users\yousif\Documents\AIC Data\aic-data\dataset5\person7_2\person7_2_30.mp4,C:\Users\yousif\Documents\AIC Data\aic-data\dataset5\person7_2\annotation.txt,matched,UAV123/person7_2,,
dataset5/person8_1,dataset5,person8_1,aic,unscored,0,0,0,0,316,dataset5__person8_1,,,,0,C:\Users\yousif\Documents\AIC Data\aic-data\dataset5\person8_1\person8_1_30.mp4,C:\Users\yousif\Documents\AIC Data\aic-data\dataset5\person8_1\annotation.txt,matched,UAV123/person8_1,,
dataset5/person8_2,dataset5,person8_2,aic,unscored,0,0,0,0,317,dataset5__person8_2,,,,0,C:\Users\yousif\Documents\AIC Data\aic-data\dataset5\person8_2\person8_2_30.mp4,C:\Users\yousif\Documents\AIC Data\aic-data\dataset5\person8_2\annotation.txt,matched,UAV123/person8_2,,
dataset5/person9,dataset5,person9,aic,unscored,0,0,0,0,318,dataset5__person9,,,,0,C:\Users\yousif\Documents\AIC Data\aic-data\dataset5\person9\person9_30.mp4,C:\Users\yousif\Documents\AIC Data\aic-data\dataset5\person9\annotation.txt,matched,UAV123/person9,,
dataset5/truck1,dataset5,truck1,aic,unscored,0,0,0,0,319,dataset5__truck1,,,,0,C:\Users\yousif\Documents\AIC Data\aic-data\dataset5\truck1\truck1_30.mp4,C:\Users\yousif\Documents\AIC Data\aic-data\dataset5\truck1\annotation.txt,matched,UAV123/truck1,,
dataset5/truck2,dataset5,truck2,aic,unscored,0,0,0,0,320,dataset5__truck2,,,,0,C:\Users\yousif\Documents\AIC Data\aic-data\dataset5\truck2\truck2_30.mp4,C:\Users\yousif\Documents\AIC Data\aic-data\dataset5\truck2\annotation.txt,matched,UAV123/truck2,,
dataset5/truck3,dataset5,truck3,local,scored,535,535,535,535,321,dataset5__truck3,0.7645749888740542,0.8635514018691588,0.804165554072096,0,C:\Users\yousif\Documents\AIC Data\aic-data\dataset5\truck3\truck3_30.mp4,C:\Users\yousif\Documents\AIC Data\our-data\UAV123\anno\UAV123\truck3.txt,matched,UAV123/truck3,,
dataset5/truck4_1,dataset5,truck4_1,aic,unscored,0,0,0,0,322,dataset5__truck4_1,,,,0,C:\Users\yousif\Documents\AIC Data\aic-data\dataset5\truck4_1\truck4_1_30.mp4,C:\Users\yousif\Documents\AIC Data\aic-data\dataset5\truck4_1\annotation.txt,matched,UAV123/truck4_1,,
dataset5/truck4_2,dataset5,truck4_2,aic,unscored,0,0,0,0,323,dataset5__truck4_2,,,,0,C:\Users\yousif\Documents\AIC Data\aic-data\dataset5\truck4_2\truck4_2_30.mp4,C:\Users\yousif\Documents\AIC Data\aic-data\dataset5\truck4_2\annotation.txt,matched,UAV123/truck4_2,,
dataset5/uav1_1,dataset5,uav1_1,aic,unscored,0,0,0,0,324,dataset5__uav1_1,,,,0,C:\Users\yousif\Documents\AIC Data\aic-data\dataset5\uav1_1\uav1_1_30.mp4,C:\Users\yousif\Documents\AIC Data\aic-data\dataset5\uav1_1\annotation.txt,matched,UAV123/uav1_1,,
dataset5/uav1_2,dataset5,uav1_2,aic,unscored,0,0,0,0,325,dataset5__uav1_2,,,,0,C:\Users\yousif\Documents\AIC Data\aic-data\dataset5\uav1_2\uav1_2_30.mp4,C:\Users\yousif\Documents\AIC Data\aic-data\dataset5\uav1_2\annotation.txt,matched,UAV123/uav1_2,,
dataset5/uav1_3,dataset5,uav1_3,aic,unscored,0,0,0,0,326,dataset5__uav1_3,,,,0,C:\Users\yousif\Documents\AIC Data\aic-data\dataset5\uav1_3\uav1_3_30.mp4,C:\Users\yousif\Documents\AIC Data\aic-data\dataset5\uav1_3\annotation.txt,matched,UAV123/uav1_3,,
dataset5/uav2,dataset5,uav2,local,scored,133,114,114,133,327,dataset5__uav2,0.09857978279030911,0.060150375939849635,0.08320802005012531,115,C:\Users\yousif\Documents\AIC Data\aic-data\dataset5\uav2\uav2_30.mp4,C:\Users\yousif\Documents\AIC Data\our-data\UAV123\anno\UAV123\uav2.txt,matched,UAV123/uav2,,
dataset5/uav3,dataset5,uav3,aic,unscored,0,0,0,0,328,dataset5__uav3,,,,0,C:\Users\yousif\Documents\AIC Data\aic-data\dataset5\uav3\uav3_30.mp4,C:\Users\yousif\Documents\AIC Data\aic-data\dataset5\uav3\annotation.txt,matched,UAV123/uav3,,
dataset5/uav4,dataset5,uav4,aic,unscored,0,0,0,0,329,dataset5__uav4,,,,0,C:\Users\yousif\Documents\AIC Data\aic-data\dataset5\uav4\uav4_30.mp4,C:\Users\yousif\Documents\AIC Data\aic-data\dataset5\uav4\annotation.txt,matched,UAV123/uav4,,
dataset5/uav5,dataset5,uav5,aic,unscored,0,0,0,0,330,dataset5__uav5,,,,0,C:\Users\yousif\Documents\AIC Data\aic-data\dataset5\uav5\uav5_30.mp4,C:\Users\yousif\Documents\AIC Data\aic-data\dataset5\uav5\annotation.txt,matched,UAV123/uav5,,
dataset5/uav6,dataset5,uav6,aic,unscored,0,0,0,0,331,dataset5__uav6,,,,0,C:\Users\yousif\Documents\AIC Data\aic-data\dataset5\uav6\uav6_30.mp4,C:\Users\yousif\Documents\AIC Data\aic-data\dataset5\uav6\annotation.txt,matched,UAV123/uav6,,
dataset5/uav7,dataset5,uav7,local,scored,373,354,354,373,332,dataset5__uav7,0.2467043314500942,0.265805757331181,0.25434490180252894,259,C:\Users\yousif\Documents\AIC Data\aic-data\dataset5\uav7\uav7_30.mp4,C:\Users\yousif\Documents\AIC Data\our-data\UAV123\anno\UAV123\uav7.txt,matched,UAV123/uav7,,
dataset5/uav8,dataset5,uav8,aic,unscored,0,0,0,0,333,dataset5__uav8,,,,0,C:\Users\yousif\Documents\AIC Data\aic-data\dataset5\uav8\uav8_30.mp4,C:\Users\yousif\Documents\AIC Data\aic-data\dataset5\uav8\annotation.txt,matched,UAV123/uav8,,
dataset5/wakeboard1,dataset5,wakeboard1,aic,unscored,0,0,0,0,334,dataset5__wakeboard1,,,,0,C:\Users\yousif\Documents\AIC Data\aic-data\dataset5\wakeboard1\wakeboard1_96.mp4,C:\Users\yousif\Documents\AIC Data\aic-data\dataset5\wakeboard1\annotation.txt,matched,UAV123/wakeboard1,,
dataset5/wakeboard10,dataset5,wakeboard10,local,scored,469,469,469,469,335,dataset5__wakeboard10,0.6962128134836024,0.8107422073306934,0.7420245710224388,0,C:\Users\yousif\Documents\AIC Data\aic-data\dataset5\wakeboard10\wakeboard10_96.mp4,C:\Users\yousif\Documents\AIC Data\our-data\UAV123\anno\UAV123\wakeboard10.txt,matched,UAV123/wakeboard10,,
dataset5/wakeboard2,dataset5,wakeboard2,aic,unscored,0,0,0,0,336,dataset5__wakeboard2,,,,0,C:\Users\yousif\Documents\AIC Data\aic-data\dataset5\wakeboard2\wakeboard2_96.mp4,C:\Users\yousif\Documents\AIC Data\aic-data\dataset5\wakeboard2\annotation.txt,matched,UAV123/wakeboard2,,
dataset5/wakeboard3,dataset5,wakeboard3,aic,unscored,0,0,0,0,337,dataset5__wakeboard3,,,,0,C:\Users\yousif\Documents\AIC Data\aic-data\dataset5\wakeboard3\wakeboard3_96.mp4,C:\Users\yousif\Documents\AIC Data\aic-data\dataset5\wakeboard3\annotation.txt,matched,UAV123/wakeboard3,,
dataset5/wakeboard4,dataset5,wakeboard4,aic,unscored,0,0,0,0,338,dataset5__wakeboard4,,,,0,C:\Users\yousif\Documents\AIC Data\aic-data\dataset5\wakeboard4\wakeboard4_96.mp4,C:\Users\yousif\Documents\AIC Data\aic-data\dataset5\wakeboard4\annotation.txt,matched,UAV123/wakeboard4,,
dataset5/wakeboard5,dataset5,wakeboard5,aic,unscored,0,0,0,0,339,dataset5__wakeboard5,,,,0,C:\Users\yousif\Documents\AIC Data\aic-data\dataset5\wakeboard5\wakeboard5_96.mp4,C:\Users\yousif\Documents\AIC Data\aic-data\dataset5\wakeboard5\annotation.txt,matched,UAV123/wakeboard5,,
dataset5/wakeboard6,dataset5,wakeboard6,local,scored,1165,1165,1165,1165,340,dataset5__wakeboard6,0.8521152667075415,0.9204986715716329,0.879468628653178,0,C:\Users\yousif\Documents\AIC Data\aic-data\dataset5\wakeboard6\wakeboard6_96.mp4,C:\Users\yousif\Documents\AIC Data\our-data\UAV123\anno\UAV123\wakeboard6.txt,matched,UAV123/wakeboard6,,
dataset5/wakeboard7,dataset5,wakeboard7,local,scored,199,199,199,199,341,dataset5__wakeboard7,0.8449389806173725,0.916487197894233,0.8735582675281166,0,C:\Users\yousif\Documents\AIC Data\aic-data\dataset5\wakeboard7\wakeboard7_96.mp4,C:\Users\yousif\Documents\AIC Data\our-data\UAV123\anno\UAV123\wakeboard7.txt,matched,UAV123/wakeboard7,,
dataset5/wakeboard8,dataset5,wakeboard8,aic,unscored,0,0,0,0,342,dataset5__wakeboard8,,,,0,C:\Users\yousif\Documents\AIC Data\aic-data\dataset5\wakeboard8\wakeboard8_96.mp4,C:\Users\yousif\Documents\AIC Data\aic-data\dataset5\wakeboard8\annotation.txt,matched,UAV123/wakeboard8,,
dataset5/wakeboard9,dataset5,wakeboard9,aic,unscored,0,0,0,0,343,dataset5__wakeboard9,,,,0,C:\Users\yousif\Documents\AIC Data\aic-data\dataset5\wakeboard9\wakeboard9_96.mp4,C:\Users\yousif\Documents\AIC Data\aic-data\dataset5\wakeboard9\annotation.txt,matched,UAV123/wakeboard9,,
