row_index,key,dataset,seq_name,annotation_source,evaluation_mode,frame_count,ground_truth_frames,scored_frames,matched_prediction_frames,sequence_id,auc,norm_precision,accuracy_score,total_lost_frames,video_path,annotation_path,match_type,local_label,warning,error
0,dataset1/basketball,dataset1,basketball,none,unscored,324,0,0,324,dataset1__basketball,,,,66,C:\Users\yousif\Documents\AIC Data\aic-data\dataset1\basketball\basketball.mp4,,unmatched,,,
1,dataset1/basketball_2,dataset1,basketball_2,none,unscored,184,0,0,184,dataset1__basketball_2,,,,21,C:\Users\yousif\Documents\AIC Data\aic-data\dataset1\basketball_2\basketball_2.mp4,,unmatched,,,
2,dataset1/basketball_3,dataset1,basketball_3,none,unscored,181,0,0,181,dataset1__basketball_3,,,,56,C:\Users\yousif\Documents\AIC Data\aic-data\dataset1\basketball_3\basketball_3.mp4,,unmatched,,,
3,dataset1/Car_video,dataset1,Car_video,none,unscored,585,0,0,585,dataset1__Car_video,,,,0,C:\Users\yousif\Documents\AIC Data\aic-data\dataset1\Car_video\Car_video.mp4,,unmatched,,,
4,dataset1/Car_video_2,dataset1,Car_video_2,aic,unscored,0,0,0,0,dataset1__Car_video_2,,,,0,C:\Users\yousif\Documents\AIC Data\aic-data\dataset1\Car_video_2\Car_video_2.mp4,C:\Users\yousif\Documents\AIC Data\aic-data\dataset1\Car_video_2\annotation.txt,unmatched,,,
5,dataset1/Car_video_3,dataset1,Car_video_3,aic,unscored,0,0,0,0,dataset1__Car_video_3,,,,0,C:\Users\yousif\Documents\AIC Data\aic-data\dataset1\Car_video_3\Car_video_3.mp4,C:\Users\yousif\Documents\AIC Data\aic-data\dataset1\Car_video_3\annotation.txt,unmatched,,,
6,dataset1/Car_video_4,dataset1,Car_video_4,none,unscored,415,0,0,415,dataset1__Car_video_4,,,,0,C:\Users\yousif\Documents\AIC Data\aic-data\dataset1\Car_video_4\Car_video_4.mp4,,unmatched,,,
7,dataset1/cows,dataset1,cows,none,unscored,489,0,0,489,dataset1__cows,,,,0,C:\Users\yousif\Documents\AIC Data\aic-data\dataset1\cows\cows.mp4,,unmatched,,,
8,dataset1/horse_4,dataset1,horse_4,aic,unscored,0,0,0,0,dataset1__horse_4,,,,0,C:\Users\yousif\Documents\AIC Data\aic-data\dataset1\horse_4\horse_4.mp4,C:\Users\yousif\Documents\AIC Data\aic-data\dataset1\horse_4\annotation.txt,unmatched,,,
9,dataset1/horse_6,dataset1,horse_6,aic,unscored,0,0,0,0,dataset1__horse_6,,,,0,C:\Users\yousif\Documents\AIC Data\aic-data\dataset1\horse_6\horse_6.mp4,C:\Users\yousif\Documents\AIC Data\aic-data\dataset1\horse_6\annotation.txt,unmatched,,,
10,dataset1/motorcycle,dataset1,motorcycle,aic,unscored,0,0,0,0,dataset1__motorcycle,,,,0,C:\Users\yousif\Documents\AIC Data\aic-data\dataset1\motorcycle\motorcycle.mp4,C:\Users\yousif\Documents\AIC Data\aic-data\dataset1\motorcycle\annotation.txt,unmatched,,,
11,dataset1/person_3,dataset1,person_3,none,unscored,930,0,0,930,dataset1__person_3,,,,162,C:\Users\yousif\Documents\AIC Data\aic-data\dataset1\person_3\person_3.mp4,,unmatched,,,
12,dataset1/person_4,dataset1,person_4,aic,unscored,0,0,0,0,dataset1__person_4,,,,0,C:\Users\yousif\Documents\AIC Data\aic-data\dataset1\person_4\person_4.mp4,C:\Users\yousif\Documents\AIC Data\aic-data\dataset1\person_4\annotation.txt,unmatched,,,
13,dataset1/plane,dataset1,plane,aic,unscored,0,0,0,0,dataset1__plane,,,,0,C:\Users\yousif\Documents\AIC Data\aic-data\dataset1\plane\plane.mp4,C:\Users\yousif\Documents\AIC Data\aic-data\dataset1\plane\annotation.txt,unmatched,,,
14,dataset1/sheeps,dataset1,sheeps,none,unscored,283,0,0,283,dataset1__sheeps,,,,0,C:\Users\yousif\Documents\AIC Data\aic-data\dataset1\sheeps\sheeps.mp4,,unmatched,,,
15,dataset1/sheeps_2,dataset1,sheeps_2,none,unscored,240,0,0,240,dataset1__sheeps_2,,,,0,C:\Users\yousif\Documents\AIC Data\aic-data\dataset1\sheeps_2\sheeps_2.mp4,,unmatched,,,
16,dataset1/surfer,dataset1,surfer,aic,unscored,0,0,0,0,dataset1__surfer,,,,0,C:\Users\yousif\Documents\AIC Data\aic-data\dataset1\surfer\surfer.mp4,C:\Users\yousif\Documents\AIC Data\aic-data\dataset1\surfer\annotation.txt,unmatched,,,
17,dataset1/surfer_1,dataset1,surfer_1,none,unscored,743,0,0,743,dataset1__surfer_1,,,,87,C:\Users\yousif\Documents\AIC Data\aic-data\dataset1\surfer_1\surfer_1.mp4,,unmatched,,,
18,dataset1/volleyball,dataset1,volleyball,aic,unscored,0,0,0,0,dataset1__volleyball,,,,0,C:\Users\yousif\Documents\AIC Data\aic-data\dataset1\volleyball\volleyball.mp4,C:\Users\yousif\Documents\AIC Data\aic-data\dataset1\volleyball\annotation.txt,unmatched,,,
19,dataset2/Animal1,dataset2,Animal1,aic,unscored,0,0,0,0,dataset2__Animal1,,,,0,C:\Users\yousif\Documents\AIC Data\aic-data\dataset2\Animal1\Animal1_30.mp4,C:\Users\yousif\Documents\AIC Data\aic-data\dataset2\Animal1\annotation.txt,matched,DTB70/Animal1,,
20,dataset2/Animal2,dataset2,Animal2,aic,unscored,0,0,0,0,dataset2__Animal2,,,,0,C:\Users\yousif\Documents\AIC Data\aic-data\dataset2\Animal2\Animal2_30.mp4,C:\Users\yousif\Documents\AIC Data\aic-data\dataset2\Animal2\annotation.txt,matched,DTB70/Animal2,,
21,dataset2/Animal3,dataset2,Animal3,local,scored,309,309,309,309,dataset2__Animal3,0.23131453228540608,0.17645245800585604,0.20936970257358606,0,C:\Users\yousif\Documents\AIC Data\aic-data\dataset2\Animal3\Animal3_30.mp4,C:\Users\yousif\Documents\AIC Data\our-data\DTB70\Animal3\groundtruth_rect.txt,matched,DTB70/Animal3,,
22,dataset2/Animal4,dataset2,Animal4,aic,unscored,0,0,0,0,dataset2__Animal4,,,,0,C:\Users\yousif\Documents\AIC Data\aic-data\dataset2\Animal4\Animal4_24.mp4,C:\Users\yousif\Documents\AIC Data\aic-data\dataset2\Animal4\annotation.txt,matched,DTB70/Animal4,,
23,dataset2/Basketball,dataset2,Basketball,aic,unscored,0,0,0,0,dataset2__Basketball,,,,0,C:\Users\yousif\Documents\AIC Data\aic-data\dataset2\Basketball\Basketball_24.mp4,C:\Users\yousif\Documents\AIC Data\aic-data\dataset2\Basketball\annotation.txt,matched,DTB70/Basketball,,
24,dataset2/BMX2,dataset2,BMX2,aic,unscored,0,0,0,0,dataset2__BMX2,,,,0,C:\Users\yousif\Documents\AIC Data\aic-data\dataset2\BMX2\BMX2_30.mp4,C:\Users\yousif\Documents\AIC Data\aic-data\dataset2\BMX2\annotation.txt,matched,DTB70/BMX2,,
25,dataset2/BMX3,dataset2,BMX3,aic,unscored,0,0,0,0,dataset2__BMX3,,,,0,C:\Users\yousif\Documents\AIC Data\aic-data\dataset2\BMX3\BMX3_30.mp4,C:\Users\yousif\Documents\AIC Data\aic-data\dataset2\BMX3\annotation.txt,matched,DTB70/BMX3,,
26,dataset2/BMX4,dataset2,BMX4,aic,unscored,0,0,0,0,dataset2__BMX4,,,,0,C:\Users\yousif\Documents\AIC Data\aic-data\dataset2\BMX4\BMX4_30.mp4,C:\Users\yousif\Documents\AIC Data\aic-data\dataset2\BMX4\annotation.txt,matched,DTB70/BMX4,,
27,dataset2/BMX5,dataset2,BMX5,aic,unscored,0,0,0,0,dataset2__BMX5,,,,0,C:\Users\yousif\Documents\AIC Data\aic-data\dataset2\BMX5\BMX5_30.mp4,C:\Users\yousif\Documents\AIC Data\aic-data\dataset2\BMX5\annotation.txt,matched,DTB70/BMX5,,
28,dataset2/Car2,dataset2,Car2,aic,unscored,0,0,0,0,dataset2__Car2,,,,0,C:\Users\yousif\Documents\AIC Data\aic-data\dataset2\Car2\Car2_24.mp4,C:\Users\yousif\Documents\AIC Data\aic-data\dataset2\Car2\annotation.txt,matched,DTB70/Car2,,
29,dataset2/Car4,dataset2,Car4,local,scored,217,217,217,217,dataset2__Car4,0.815448760149221,0.9106868553873162,0.853543998244459,0,C:\Users\yousif\Documents\AIC Data\aic-data\dataset2\Car4\Car4_24.mp4,C:\Users\yousif\Documents\AIC Data\our-data\DTB70\Car4\groundtruth_rect.txt,matched,DTB70/Car4,,
30,dataset2/Car5,dataset2,Car5,local,scored,84,84,84,84,dataset2__Car5,0.8622448979591837,0.9178004535147393,0.8844671201814059,0,C:\Users\yousif\Documents\AIC Data\aic-data\dataset2\Car5\Car5_30.mp4,C:\Users\yousif\Documents\AIC Data\our-data\DTB70\Car5\groundtruth_rect.txt,matched,DTB70/Car5,,
31,dataset2/Car6,dataset2,Car6,aic,unscored,0,0,0,0,dataset2__Car6,,,,0,C:\Users\yousif\Documents\AIC Data\aic-data\dataset2\Car6\Car6_24.mp4,C:\Users\yousif\Documents\AIC Data\aic-data\dataset2\Car6\annotation.txt,matched,DTB70/Car6,,
32,dataset2/Car8,dataset2,Car8,aic,unscored,0,0,0,0,dataset2__Car8,,,,0,C:\Users\yousif\Documents\AIC Data\aic-data\dataset2\Car8\Car8_24.mp4,C:\Users\yousif\Documents\AIC Data\aic-data\dataset2\Car8\annotation.txt,matched,DTB70/Car8,,
33,dataset2/ChasingDrones,dataset2,ChasingDrones,aic,unscored,0,0,0,0,dataset2__ChasingDrones,,,,0,C:\Users\yousif\Documents\AIC Data\aic-data\dataset2\ChasingDrones\ChasingDrones_24.mp4,C:\Users\yousif\Documents\AIC Data\aic-data\dataset2\ChasingDrones\annotation.txt,matched,DTB70/ChasingDrones,,
34,dataset2/Girl1,dataset2,Girl1,aic,unscored,0,0,0,0,dataset2__Girl1,,,,0,C:\Users\yousif\Documents\AIC Data\aic-data\dataset2\Girl1\Girl1_30.mp4,C:\Users\yousif\Documents\AIC Data\aic-data\dataset2\Girl1\annotation.txt,matched,DTB70/Girl1,,
35,dataset2/Girl2,dataset2,Girl2,aic,unscored,0,0,0,0,dataset2__Girl2,,,,0,C:\Users\yousif\Documents\AIC Data\aic-data\dataset2\Girl2\Girl2_24.mp4,C:\Users\yousif\Documents\AIC Data\aic-data\dataset2\Girl2\annotation.txt,matched,DTB70/Girl2,,
36,dataset2/Gull1,dataset2,Gull1,aic,unscored,0,0,0,0,dataset2__Gull1,,,,0,C:\Users\yousif\Documents\AIC Data\aic-data\dataset2\Gull1\Gull1_24.mp4,C:\Users\yousif\Documents\AIC Data\aic-data\dataset2\Gull1\annotation.txt,matched,DTB70/Gull1,,
37,dataset2/Gull2,dataset2,Gull2,aic,unscored,0,0,0,0,dataset2__Gull2,,,,0,C:\Users\yousif\Documents\AIC Data\aic-data\dataset2\Gull2\Gull2_24.mp4,C:\Users\yousif\Documents\AIC Data\aic-data\dataset2\Gull2\annotation.txt,matched,DTB70/Gull2,,
38,dataset2/Horse1,dataset2,Horse1,local,scored,149,149,149,149,dataset2__Horse1,0.7440076701821668,0.8440396292745286,0.7840204538191116,0,C:\Users\yousif\Documents\AIC Data\aic-data\dataset2\Horse1\Horse1_24.mp4,C:\Users\yousif\Documents\AIC Data\our-data\DTB70\Horse1\groundtruth_rect.txt,matched,DTB70/Horse1,,
39,dataset2/Horse2,dataset2,Horse2,aic,unscored,0,0,0,0,dataset2__Horse2,,,,0,C:\Users\yousif\Documents\AIC Data\aic-data\dataset2\Horse2\Horse2_24.mp4,C:\Users\yousif\Documents\AIC Data\aic-data\dataset2\Horse2\annotation.txt,matched,DTB70/Horse2,,
40,dataset2/Kiting,dataset2,Kiting,aic,unscored,0,0,0,0,dataset2__Kiting,,,,0,C:\Users\yousif\Documents\AIC Data\aic-data\dataset2\Kiting\Kiting_24.mp4,C:\Users\yousif\Documents\AIC Data\aic-data\dataset2\Kiting\annotation.txt,matched,DTB70/Kiting,,
41,dataset2/ManRunning1,dataset2,ManRunning1,aic,unscored,0,0,0,0,dataset2__ManRunning1,,,,0,C:\Users\yousif\Documents\AIC Data\aic-data\dataset2\ManRunning1\ManRunning1_24.mp4,C:\Users\yousif\Documents\AIC Data\aic-data\dataset2\ManRunning1\annotation.txt,matched,DTB70/ManRunning1,,
42,dataset2/ManRunning2,dataset2,ManRunning2,aic,unscored,0,0,0,0,dataset2__ManRunning2,,,,0,C:\Users\yousif\Documents\AIC Data\aic-data\dataset2\ManRunning2\ManRunning2_24.mp4,C:\Users\yousif\Documents\AIC Data\aic-data\dataset2\ManRunning2\annotation.txt,matched,DTB70/ManRunning2,,
43,dataset2/Motor1,dataset2,Motor1,local,scored,78,78,78,78,dataset2__Motor1,0.4993894993894994,0.7094017094017094,0.5833943833943834,0,C:\Users\yousif\Documents\AIC Data\aic-data\dataset2\Motor1\Motor1_24.mp4,C:\Users\yousif\Documents\AIC Data\our-data\DTB70\Motor1\groundtruth_rect.txt,matched,DTB70/Motor1,,
44,dataset2/Motor2,dataset2,Motor2,aic,unscored,0,0,0,0,dataset2__Motor2,,,,0,C:\Users\yousif\Documents\AIC Data\aic-data\dataset2\Motor2\Motor2_24.mp4,C:\Users\yousif\Documents\AIC Data\aic-data\dataset2\Motor2\annotation.txt,matched,DTB70/Motor2,,
45,dataset2/MountainBike1,dataset2,MountainBike1,aic,unscored,0,0,0,0,dataset2__MountainBike1,,,,0,C:\Users\yousif\Documents\AIC Data\aic-data\dataset2\MountainBike1\MountainBike1_30.mp4,C:\Users\yousif\Documents\AIC Data\aic-data\dataset2\MountainBike1\annotation.txt,matched,DTB70/MountainBike1,,
46,dataset2/MountainBike5,dataset2,MountainBike5,local,scored,107,107,107,107,dataset2__MountainBike5,0.7810413885180241,0.8847352024922118,0.8225189141076992,0,C:\Users\yousif\Documents\AIC Data\aic-data\dataset2\MountainBike5\MountainBike5_30.mp4,C:\Users\yousif\Documents\AIC Data\our-data\DTB70\MountainBike5\groundtruth_rect.txt,matched,DTB70/MountainBike5,,
47,dataset2/MountainBike6,dataset2,MountainBike6,aic,unscored,0,0,0,0,dataset2__MountainBike6,,,,0,C:\Users\yousif\Documents\AIC Data\aic-data\dataset2\MountainBike6\MountainBike6_30.mp4,C:\Users\yousif\Documents\AIC Data\aic-data\dataset2\MountainBike6\annotation.txt,matched,DTB70/MountainBike6,,
48,dataset2/Paragliding3,dataset2,Paragliding3,aic,unscored,0,0,0,0,dataset2__Paragliding3,,,,0,C:\Users\yousif\Documents\AIC Data\aic-data\dataset2\Paragliding3\Paragliding3_24.mp4,C:\Users\yousif\Documents\AIC Data\aic-data\dataset2\Paragliding3\annotation.txt,matched,DTB70/Paragliding3,,
49,dataset2/Paragliding5,dataset2,Paragliding5,aic,unscored,0,0,0,0,dataset2__Paragliding5,,,,0,C:\Users\yousif\Documents\AIC Data\aic-data\dataset2\Paragliding5\Paragliding5_24.mp4,C:\Users\yousif\Documents\AIC Data\aic-data\dataset2\Paragliding5\annotation.txt,matched,DTB70/Paragliding5,,
50,dataset2/RaceCar,dataset2,RaceCar,aic,unscored,0,0,0,0,dataset2__RaceCar,,,,0,C:\Users\yousif\Documents\AIC Data\aic-data\dataset2\RaceCar\RaceCar_24.mp4,C:\Users\yousif\Documents\AIC Data\aic-data\dataset2\RaceCar\annotation.txt,matched,DTB70/RaceCar,,
51,dataset2/RaceCar1,dataset2,RaceCar1,local,scored,249,249,249,249,dataset2__RaceCar1,0.7051061388410786,0.8338114362210748,0.7565882577930771,0,C:\Users\yousif\Documents\AIC Data\aic-data\dataset2\RaceCar1\RaceCar1_24.mp4,C:\Users\yousif\Documents\AIC Data\our-data\DTB70\RaceCar1\groundtruth_rect.txt,matched,DTB70/RaceCar1,,
52,dataset2/RcCar3,dataset2,RcCar3,aic,unscored,0,0,0,0,dataset2__RcCar3,,,,0,C:\Users\yousif\Documents\AIC Data\aic-data\dataset2\RcCar3\RcCar3_24.mp4,C:\Users\yousif\Documents\AIC Data\aic-data\dataset2\RcCar3\annotation.txt,matched,DTB70/RcCar3,,
53,dataset2/RcCar4,dataset2,RcCar4,local,scored,699,670,670,699,dataset2__RcCar4,0.7310589907604834,0.8222459132906893,0.7675337597725658,88,C:\Users\yousif\Documents\AIC Data\aic-data\dataset2\RcCar4\RcCar4_24.mp4,C:\Users\yousif\Documents\AIC Data\our-data\DTB70\RcCar4\groundtruth_rect.txt,matched,DTB70/RcCar4,,
54,dataset2/RcCar5,dataset2,RcCar5,aic,unscored,0,0,0,0,dataset2__RcCar5,,,,0,C:\Users\yousif\Documents\AIC Data\aic-data\dataset2\RcCar5\RcCar5_24.mp4,C:\Users\yousif\Documents\AIC Data\aic-data\dataset2\RcCar5\annotation.txt,matched,DTB70/RcCar5,,
55,dataset2/RcCar6,dataset2,RcCar6,local,scored,210,210,210,210,dataset2__RcCar6,0.7294784580498865,0.8201814058956917,0.7657596371882086,0,C:\Users\yousif\Documents\AIC Data\aic-data\dataset2\RcCar6\RcCar6_24.mp4,C:\Users\yousif\Documents\AIC Data\our-data\DTB70\RcCar6\groundtruth_rect.txt,matched,DTB70/RcCar6,,
56,dataset2/RcCar7,dataset2,RcCar7,aic,unscored,0,0,0,0,dataset2__RcCar7,,,,0,C:\Users\yousif\Documents\AIC Data\aic-data\dataset2\RcCar7\RcCar7_24.mp4,C:\Users\yousif\Documents\AIC Data\aic-data\dataset2\RcCar7\annotation.txt,matched,DTB70/RcCar7,,
57,dataset2/RcCar8,dataset2,RcCar8,aic,unscored,0,0,0,0,dataset2__RcCar8,,,,0,C:\Users\yousif\Documents\AIC Data\aic-data\dataset2\RcCar8\RcCar8_24.mp4,C:\Users\yousif\Documents\AIC Data\aic-data\dataset2\RcCar8\annotation.txt,matched,DTB70/RcCar8,,
58,dataset2/RcCar9,dataset2,RcCar9,local,scored,208,208,208,208,dataset2__RcCar9,0.8388278388278387,0.9157509157509158,0.8695970695970695,0,C:\Users\yousif\Documents\AIC Data\aic-data\dataset2\RcCar9\RcCar9_24.mp4,C:\Users\yousif\Documents\AIC Data\our-data\DTB70\RcCar9\groundtruth_rect.txt,matched,DTB70/RcCar9,,
59,dataset2/Sheep1,dataset2,Sheep1,aic,unscored,0,0,0,0,dataset2__Sheep1,,,,0,C:\Users\yousif\Documents\AIC Data\aic-data\dataset2\Sheep1\Sheep1_24.mp4,C:\Users\yousif\Documents\AIC Data\aic-data\dataset2\Sheep1\annotation.txt,matched,DTB70/Sheep1,,
60,dataset2/Sheep2,dataset2,Sheep2,aic,unscored,0,0,0,0,dataset2__Sheep2,,,,0,C:\Users\yousif\Documents\AIC Data\aic-data\dataset2\Sheep2\Sheep2_30.mp4,C:\Users\yousif\Documents\AIC Data\aic-data\dataset2\Sheep2\annotation.txt,matched,DTB70/Sheep2,,
61,dataset2/SkateBoarding4,dataset2,SkateBoarding4,aic,unscored,0,0,0,0,dataset2__SkateBoarding4,,,,0,C:\Users\yousif\Documents\AIC Data\aic-data\dataset2\SkateBoarding4\SkateBoarding4_24.mp4,C:\Users\yousif\Documents\AIC Data\aic-data\dataset2\SkateBoarding4\annotation.txt,matched,DTB70/SkateBoarding4,,
62,dataset2/Skiing1,dataset2,Skiing1,aic,unscored,0,0,0,0,dataset2__Skiing1,,,,0,C:\Users\yousif\Documents\AIC Data\aic-data\dataset2\Skiing1\Skiing1_24.mp4,C:\Users\yousif\Documents\AIC Data\aic-data\dataset2\Skiing1\annotation.txt,matched,DTB70/Skiing1,,
63,dataset2/Skiing2,dataset2,Skiing2,aic,unscored,0,0,0,0,dataset2__Skiing2,,,,0,C:\Users\yousif\Documents\AIC Data\aic-data\dataset2\Skiing2\Skiing2_30.mp4,C:\Users\yousif\Documents\AIC Data\aic-data\dataset2\Skiing2\annotation.txt,matched,DTB70/Skiing2,,
64,dataset2/SnowBoarding2,dataset2,SnowBoarding2,local,scored,117,117,117,117,dataset2__SnowBoarding2,0.8095238095238095,0.9084249084249084,0.8490842490842492,0,C:\Users\yousif\Documents\AIC Data\aic-data\dataset2\SnowBoarding2\SnowBoarding2_24.mp4,C:\Users\yousif\Documents\AIC Data\our-data\DTB70\SnowBoarding2\groundtruth_rect.txt,matched,DTB70/SnowBoarding2,,
65,dataset2/SnowBoarding4,dataset2,SnowBoarding4,aic,unscored,0,0,0,0,dataset2__SnowBoarding4,,,,0,C:\Users\yousif\Documents\AIC Data\aic-data\dataset2\SnowBoarding4\SnowBoarding4_30.mp4,C:\Users\yousif\Documents\AIC Data\aic-data\dataset2\SnowBoarding4\annotation.txt,matched,DTB70/SnowBoarding4,,
66,dataset2/SnowBoarding6,dataset2,SnowBoarding6,aic,unscored,0,0,0,0,dataset2__SnowBoarding6,,,,0,C:\Users\yousif\Documents\AIC Data\aic-data\dataset2\SnowBoarding6\SnowBoarding6_30.mp4,C:\Users\yousif\Documents\AIC Data\aic-data\dataset2\SnowBoarding6\annotation.txt,matched,DTB70/SnowBoarding6,,
67,dataset2/Soccer1,dataset2,Soccer1,local,scored,613,613,613,613,dataset2__Soccer1,0.7511069680727103,0.8898469665190709,0.8066029674512545,0,C:\Users\yousif\Documents\AIC Data\aic-data\dataset2\Soccer1\Soccer1_24.mp4,C:\Users\yousif\Documents\AIC Data\our-data\DTB70\Soccer1\groundtruth_rect.txt,matched,DTB70/Soccer1,,
68,dataset2/Soccer2,dataset2,Soccer2,aic,unscored,0,0,0,0,dataset2__Soccer2,,,,0,C:\Users\yousif\Documents\AIC Data\aic-data\dataset2\Soccer2\Soccer2_24.mp4,C:\Users\yousif\Documents\AIC Data\aic-data\dataset2\Soccer2\annotation.txt,matched,DTB70/Soccer2,,
69,dataset2/SpeedCar2,dataset2,SpeedCar2,local,scored,308,308,308,308,dataset2__SpeedCar2,0.7860235003092145,0.8862090290661719,0.8260977118119974,0,C:\Users\yousif\Documents\AIC Data\aic-data\dataset2\SpeedCar2\SpeedCar2_30.mp4,C:\Users\yousif\Documents\AIC Data\our-data\DTB70\SpeedCar2\groundtruth_rect.txt,matched,DTB70/SpeedCar2,,
70,dataset2/SpeedCar4,dataset2,SpeedCar4,aic,unscored,0,0,0,0,dataset2__SpeedCar4,,,,0,C:\Users\yousif\Documents\AIC Data\aic-data\dataset2\SpeedCar4\SpeedCar4_30.mp4,C:\Users\yousif\Documents\AIC Data\aic-data\dataset2\SpeedCar4\annotation.txt,matched,DTB70/SpeedCar4,,
71,dataset2/StreetBasketball1,dataset2,StreetBasketball1,aic,unscored,0,0,0,0,dataset2__StreetBasketball1,,,,0,C:\Users\yousif\Documents\AIC Data\aic-data\dataset2\StreetBasketball1\StreetBasketball1_24.mp4,C:\Users\yousif\Documents\AIC Data\aic-data\dataset2\StreetBasketball1\annotation.txt,matched,DTB70/StreetBasketball1,,
72,dataset2/StreetBasketball2,dataset2,StreetBasketball2,aic,unscored,0,0,0,0,dataset2__StreetBasketball2,,,,0,C:\Users\yousif\Documents\AIC Data\aic-data\dataset2\StreetBasketball2\StreetBasketball2_24.mp4,C:\Users\yousif\Documents\AIC Data\aic-data\dataset2\StreetBasketball2\annotation.txt,matched,DTB70/StreetBasketball2,,
73,dataset2/StreetBasketball3,dataset2,StreetBasketball3,aic,unscored,0,0,0,0,dataset2__StreetBasketball3,,,,0,C:\Users\yousif\Documents\AIC Data\aic-data\dataset2\StreetBasketball3\StreetBasketball3_24.mp4,C:\Users\yousif\Documents\AIC Data\aic-data\dataset2\StreetBasketball3\annotation.txt,matched,DTB70/StreetBasketball3,,
74,dataset2/SUP2,dataset2,SUP2,aic,unscored,0,0,0,0,dataset2__SUP2,,,,0,C:\Users\yousif\Documents\AIC Data\aic-data\dataset2\SUP2\SUP2_24.mp4,C:\Users\yousif\Documents\AIC Data\aic-data\dataset2\SUP2\annotation.txt,matched,DTB70/SUP2,,
75,dataset2/SUP4,dataset2,SUP4,local,scored,295,295,295,295,dataset2__SUP4,0.805326876513317,0.9046004842615012,0.8450363196125907,0,C:\Users\yousif\Documents\AIC Data\aic-data\dataset2\SUP4\SUP4_24.mp4,C:\Users\yousif\Documents\AIC Data\our-data\DTB70\SUP4\groundtruth_rect.txt,matched,DTB70/SUP4,,
76,dataset2/SUP5,dataset2,SUP5,aic,unscored,0,0,0,0,dataset2__SUP5,,,,0,C:\Users\yousif\Documents\AIC Data\aic-data\dataset2\SUP5\SUP5_24.mp4,C:\Users\yousif\Documents\AIC Data\aic-data\dataset2\SUP5\annotation.txt,matched,DTB70/SUP5,,
77,dataset2/Surfing03,dataset2,Surfing03,local,scored,117,117,117,117,dataset2__Surfing03,0.46235246235246225,0.814000814000814,0.603011803011803,0,C:\Users\yousif\Documents\AIC Data\aic-data\dataset2\Surfing03\Surfing03_24.mp4,C:\Users\yousif\Documents\AIC Data\our-data\DTB70\Surfing03\groundtruth_rect.txt,matched,DTB70/Surfing03,,
78,dataset2/Surfing04,dataset2,Surfing04,aic,unscored,0,0,0,0,dataset2__Surfing04,,,,0,C:\Users\yousif\Documents\AIC Data\aic-data\dataset2\Surfing04\Surfing04_24.mp4,C:\Users\yousif\Documents\AIC Data\aic-data\dataset2\Surfing04\annotation.txt,matched,DTB70/Surfing04,,
79,dataset2/Surfing06,dataset2,Surfing06,local,scored,106,106,106,106,dataset2__Surfing06,0.7955974842767295,0.8912848158131177,0.8338724168912848,0,C:\Users\yousif\Documents\AIC Data\aic-data\dataset2\Surfing06\Surfing06_24.mp4,C:\Users\yousif\Documents\AIC Data\our-data\DTB70\Surfing06\groundtruth_rect.txt,matched,DTB70/Surfing06,,
80,dataset2/Surfing10,dataset2,Surfing10,aic,unscored,0,0,0,0,dataset2__Surfing10,,,,0,C:\Users\yousif\Documents\AIC Data\aic-data\dataset2\Surfing10\Surfing10_24.mp4,C:\Users\yousif\Documents\AIC Data\aic-data\dataset2\Surfing10\annotation.txt,matched,DTB70/Surfing10,,
81,dataset2/Surfing12,dataset2,Surfing12,aic,unscored,0,0,0,0,dataset2__Surfing12,,,,0,C:\Users\yousif\Documents\AIC Data\aic-data\dataset2\Surfing12\Surfing12_24.mp4,C:\Users\yousif\Documents\AIC Data\aic-data\dataset2\Surfing12\annotation.txt,matched,DTB70/Surfing12,,
82,dataset2/Vaulting,dataset2,Vaulting,aic,unscored,0,0,0,0,dataset2__Vaulting,,,,0,C:\Users\yousif\Documents\AIC Data\aic-data\dataset2\Vaulting\Vaulting_24.mp4,C:\Users\yousif\Documents\AIC Data\aic-data\dataset2\Vaulting\annotation.txt,matched,DTB70/Vaulting,,
83,dataset2/Wakeboarding1,dataset2,Wakeboarding1,local,scored,77,77,77,77,dataset2__Wakeboarding1,0.7291280148423006,0.8818800247371676,0.7902288188002475,0,C:\Users\yousif\Documents\AIC Data\aic-data\dataset2\Wakeboarding1\Wakeboarding1_24.mp4,C:\Users\yousif\Documents\AIC Data\our-data\DTB70\Wakeboarding1\groundtruth_rect.txt,matched,DTB70/Wakeboarding1,,
84,dataset2/Wakeboarding2,dataset2,Wakeboarding2,aic,unscored,0,0,0,0,dataset2__Wakeboarding2,,,,0,C:\Users\yousif\Documents\AIC Data\aic-data\dataset2\Wakeboarding2\Wakeboarding2_24.mp4,C:\Users\yousif\Documents\AIC Data\aic-data\dataset2\Wakeboarding2\annotation.txt,matched,DTB70/Wakeboarding2,,
85,dataset2/Walking,dataset2,Walking,aic,unscored,0,0,0,0,dataset2__Walking,,,,0,C:\Users\yousif\Documents\AIC Data\aic-data\dataset2\Walking\Walking_24.mp4,C:\Users\yousif\Documents\AIC Data\aic-data\dataset2\Walking\annotation.txt,matched,DTB70/Walking,,
86,dataset2/Yacht2,dataset2,Yacht2,aic,unscored,0,0,0,0,dataset2__Yacht2,,,,0,C:\Users\yousif\Documents\AIC Data\aic-data\dataset2\Yacht2\Yacht2_24.mp4,C:\Users\yousif\Documents\AIC Data\aic-data\dataset2\Yacht2\annotation.txt,matched,DTB70/Yacht2,,
87,dataset2/Yacht4,dataset2,Yacht4,aic,unscored,0,0,0,0,dataset2__Yacht4,,,,0,C:\Users\yousif\Documents\AIC Data\aic-data\dataset2\Yacht4\Yacht4_24.mp4,C:\Users\yousif\Documents\AIC Data\aic-data\dataset2\Yacht4\annotation.txt,matched,DTB70/Yacht4,,
88,dataset2/Zebra,dataset2,Zebra,aic,unscored,0,0,0,0,dataset2__Zebra,,,,0,C:\Users\yousif\Documents\AIC Data\aic-data\dataset2\Zebra\Zebra_24.mp4,C:\Users\yousif\Documents\AIC Data\aic-data\dataset2\Zebra\annotation.txt,matched,DTB70/Zebra,,
89,dataset3/air_conditioning_box1,dataset3,air_conditioning_box1,local,scored,437,437,437,437,dataset3__air_conditioning_box1,0.5751334858886346,0.6984853437942683,0.624474229050888,0,C:\Users\yousif\Documents\AIC Data\aic-data\dataset3\air_conditioning_box1\air_conditioning_box1_30.mp4,C:\Users\yousif\Documents\AIC Data\our-data\V4RFlight112\anno\air conditioning box1.txt,matched,V4RFlight112/air conditioning box1,,
90,dataset3/air_conditioning_box2,dataset3,air_conditioning_box2,aic,unscored,0,0,0,0,dataset3__air_conditioning_box2,,,,0,C:\Users\yousif\Documents\AIC Data\aic-data\dataset3\air_conditioning_box2\air_conditioning_box2_30.mp4,C:\Users\yousif\Documents\AIC Data\aic-data\dataset3\air_conditioning_box2\annotation.txt,matched,V4RFlight112/air conditioning box2,,
91,dataset3/basketball_player1,dataset3,basketball_player1,aic,unscored,0,0,0,0,dataset3__basketball_player1,,,,0,C:\Users\yousif\Documents\AIC Data\aic-data\dataset3\basketball_player1\basketball_player1_30.mp4,C:\Users\yousif\Documents\AIC Data\aic-data\dataset3\basketball_player1\annotation.txt,matched,V4RFlight112/basketball player1,,
92,dataset3/basketball_player1_1-n,dataset3,basketball_player1_1-n,aic,unscored,0,0,0,0,dataset3__basketball_player1_1-n,,,,0,C:\Users\yousif\Documents\AIC Data\aic-data\dataset3\basketball_player1_1-n\basketball_player1_1-n_24.mp4,C:\Users\yousif\Documents\AIC Data\aic-data\dataset3\basketball_player1_1-n\annotation.txt,matched,V4RFlight112/basketball player1_1-n,,
93,dataset3/basketball_player1_2-n,dataset3,basketball_player1_2-n,aic,unscored,0,0,0,0,dataset3__basketball_player1_2-n,,,,0,C:\Users\yousif\Documents\AIC Data\aic-data\dataset3\basketball_player1_2-n\basketball_player1_2-n_30.mp4,C:\Users\yousif\Documents\AIC Data\aic-data\dataset3\basketball_player1_2-n\annotation.txt,matched,V4RFlight112/basketball player1_2-n,,
94,dataset3/basketball_player2,dataset3,basketball_player2,aic,unscored,0,0,0,0,dataset3__basketball_player2,,,,0,C:\Users\yousif\Documents\AIC Data\aic-data\dataset3\basketball_player2\basketball_player2_24.mp4,C:\Users\yousif\Documents\AIC Data\aic-data\dataset3\basketball_player2\annotation.txt,matched,V4RFlight112/basketball player2,,
95,dataset3/basketball_player2-n,dataset3,basketball_player2-n,aic,unscored,0,0,0,0,dataset3__basketball_player2-n,,,,0,C:\Users\yousif\Documents\AIC Data\aic-data\dataset3\basketball_player2-n\basketball_player2-n_24.mp4,C:\Users\yousif\Documents\AIC Data\aic-data\dataset3\basketball_player2-n\annotation.txt,matched,V4RFlight112/basketball player2-n,,
96,dataset3/basketball_player3,dataset3,basketball_player3,aic,unscored,0,0,0,0,dataset3__basketball_player3,,,,0,C:\Users\yousif\Documents\AIC Data\aic-data\dataset3\basketball_player3\basketball_player3_24.mp4,C:\Users\yousif\Documents\AIC Data\aic-data\dataset3\basketball_player3\annotation.txt,matched,V4RFlight112/basketball player3,,
97,dataset3/basketball_player3-n,dataset3,basketball_player3-n,aic,unscored,0,0,0,0,dataset3__basketball_player3-n,,,,0,C:\Users\yousif\Documents\AIC Data\aic-data\dataset3\basketball_player3-n\basketball_player3-n_30.mp4,C:\Users\yousif\Documents\AIC Data\aic-data\dataset3\basketball_player3-n\annotation.txt,matched,V4RFlight112/basketball player3-n,,
98,dataset3/basketball_player4-n,dataset3,basketball_player4-n,aic,unscored,0,0,0,0,dataset3__basketball_player4-n,,,,0,C:\Users\yousif\Documents\AIC Data\aic-data\dataset3\basketball_player4-n\basketball_player4-n_30.mp4,C:\Users\yousif\Documents\AIC Data\aic-data\dataset3\basketball_player4-n\annotation.txt,matched,V4RFlight112/basketball player4-n,,
99,dataset3/bell_tower,dataset3,bell_tower,aic,unscored,0,0,0,0,dataset3__bell_tower,,,,0,C:\Users\yousif\Documents\AIC Data\aic-data\dataset3\bell_tower\bell_tower_30.mp4,C:\Users\yousif\Documents\AIC Data\aic-data\dataset3\bell_tower\annotation.txt,matched,V4RFlight112/bell tower,,
100,dataset3/bike1,dataset3,bike1,local,scored,180,180,180,180,dataset3__bike1,0.891005291005291,0.9328042328042327,0.9077248677248677,0,C:\Users\yousif\Documents\AIC Data\aic-data\dataset3\bike1\bike1_30.mp4,C:\Users\yousif\Documents\AIC Data\our-data\V4RFlight112\anno\bike1.txt,matched,V4RFlight112/bike1,,
101,dataset3/bike2,dataset3,bike2,aic,unscored,0,0,0,0,dataset3__bike2,,,,0,C:\Users\yousif\Documents\AIC Data\aic-data\dataset3\bike2\bike2_30.mp4,C:\Users\yousif\Documents\AIC Data\aic-data\dataset3\bike2\annotation.txt,matched,V4RFlight112/bike2,,
102,dataset3/bike3,dataset3,bike3,aic,unscored,0,0,0,0,dataset3__bike3,,,,0,C:\Users\yousif\Documents\AIC Data\aic-data\dataset3\bike3\bike3_30.mp4,C:\Users\yousif\Documents\AIC Data\aic-data\dataset3\bike3\annotation.txt,matched,V4RFlight112/bike3,,
103,dataset3/bike4_1,dataset3,bike4_1,aic,unscored,0,0,0,0,dataset3__bike4_1,,,,0,C:\Users\yousif\Documents\AIC Data\aic-data\dataset3\bike4_1\bike4_1_30.mp4,C:\Users\yousif\Documents\AIC Data\aic-data\dataset3\bike4_1\annotation.txt,matched,V4RFlight112/bike4_1,,
104,dataset3/bike4_2,dataset3,bike4_2,aic,unscored,0,0,0,0,dataset3__bike4_2,,,,0,C:\Users\yousif\Documents\AIC Data\aic-data\dataset3\bike4_2\bike4_2_30.mp4,C:\Users\yousif\Documents\AIC Data\aic-data\dataset3\bike4_2\annotation.txt,matched,V4RFlight112/bike4_2,,
105,dataset3/bike5,dataset3,bike5,aic,unscored,0,0,0,0,dataset3__bike5,,,,0,C:\Users\yousif\Documents\AIC Data\aic-data\dataset3\bike5\bike5_30.mp4,C:\Users\yousif\Documents\AIC Data\aic-data\dataset3\bike5\annotation.txt,matched,V4RFlight112/bike5,,
106,dataset3/bike6,dataset3,bike6,aic,unscored,0,0,0,0,dataset3__bike6,,,,0,C:\Users\yousif\Documents\AIC Data\aic-data\dataset3\bike6\bike6_30.mp4,C:\Users\yousif\Documents\AIC Data\aic-data\dataset3\bike6\annotation.txt,matched,V4RFlight112/bike6,,
107,dataset3/bike7_1,dataset3,bike7_1,local,scored,301,301,301,301,dataset3__bike7_1,0.8761271950640719,0.9326056003796869,0.8987185571903178,0,C:\Users\yousif\Documents\AIC Data\aic-data\dataset3\bike7_1\bike7_1_30.mp4,C:\Users\yousif\Documents\AIC Data\our-data\V4RFlight112\anno\bike7_1.txt,matched,V4RFlight112/bike7_1,,
108,dataset3/bike7_2,dataset3,bike7_2,local,scored,338,338,338,338,dataset3__bike7_2,0.833615102845872,0.9125105663567202,0.8651732882502112,0,C:\Users\yousif\Documents\AIC Data\aic-data\dataset3\bike7_2\bike7_2_30.mp4,C:\Users\yousif\Documents\AIC Data\our-data\V4RFlight112\anno\bike7_2.txt,matched,V4RFlight112/bike7_2,,
109,dataset3/bike8,dataset3,bike8,aic,unscored,0,0,0,0,dataset3__bike8,,,,0,C:\Users\yousif\Documents\AIC Data\aic-data\dataset3\bike8\bike8_30.mp4,C:\Users\yousif\Documents\AIC Data\aic-data\dataset3\bike8\annotation.txt,matched,V4RFlight112/bike8,,
110,dataset3/bike9_1,dataset3,bike9_1,local,scored,401,401,401,401,dataset3__bike9_1,0.85785536159601,0.9021493884336778,0.8755729723310771,0,C:\Users\yousif\Documents\AIC Data\aic-data\dataset3\bike9_1\bike9_1_30.mp4,C:\Users\yousif\Documents\AIC Data\our-data\V4RFlight112\anno\bike9_1.txt,matched,V4RFlight112/bike9_1,,
111,dataset3/bike9_2,dataset3,bike9_2,aic,unscored,0,0,0,0,dataset3__bike9_2,,,,0,C:\Users\yousif\Documents\AIC Data\aic-data\dataset3\bike9_2\bike9_2_30.mp4,C:\Users\yousif\Documents\AIC Data\aic-data\dataset3\bike9_2\annotation.txt,matched,V4RFlight112/bike9_2,,
112,dataset3/building1_1,dataset3,building1_1,aic,unscored,0,0,0,0,dataset3__building1_1,,,,0,C:\Users\yousif\Documents\AIC Data\aic-data\dataset3\building1_1\building1_1_30.mp4,C:\Users\yousif\Documents\AIC Data\aic-data\dataset3\building1_1\annotation.txt,matched,V4RFlight112/building1_1,,
113,dataset3/building1_2,dataset3,building1_2,aic,unscored,0,0,0,0,dataset3__building1_2,,,,0,C:\Users\yousif\Documents\AIC Data\aic-data\dataset3\building1_2\building1_2_30.mp4,C:\Users\yousif\Documents\AIC Data\aic-data\dataset3\building1_2\annotation.txt,matched,V4RFlight112/building1_2,,
114,dataset3/bus1-n,dataset3,bus1-n,local,scored,1092,1092,1092,1092,dataset3__bus1-n,0.6993720565149137,0.830237223094366,0.7517181231466947,0,C:\Users\yousif\Documents\AIC Data\aic-data\dataset3\bus1-n\bus1-n_30.mp4,C:\Users\yousif\Documents\AIC Data\our-data\V4RFlight112\anno\bus1-n.txt,matched,V4RFlight112/bus1-n,,
115,dataset3/bus2-n,dataset3,bus2-n,aic,unscored,0,0,0,0,dataset3__bus2-n,,,,0,C:\Users\yousif\Documents\AIC Data\aic-data\dataset3\bus2-n\bus2-n_30.mp4,C:\Users\yousif\Documents\AIC Data\aic-data\dataset3\bus2-n\annotation.txt,matched,V4RFlight112/bus2-n,,
116,dataset3/car1,dataset3,car1,aic,unscored,0,0,0,0,dataset3__car1,,,,0,C:\Users\yousif\Documents\AIC Data\aic-data\dataset3\car1\car1_30.mp4,C:\Users\yousif\Documents\AIC Data\aic-data\dataset3\car1\annotation.txt,matched,V4RFlight112/car1,,
117,dataset3/car1-n,dataset3,car1-n,aic,unscored,0,0,0,0,dataset3__car1-n,,,,0,C:\Users\yousif\Documents\AIC Data\aic-data\dataset3\car1-n\car1-n_24.mp4,C:\Users\yousif\Documents\AIC Data\aic-data\dataset3\car1-n\annotation.txt,matched,V4RFlight112/car1-n,,
118,dataset3/car10,dataset3,car10,aic,unscored,0,0,0,0,dataset3__car10,,,,0,C:\Users\yousif\Documents\AIC Data\aic-data\dataset3\car10\car10_24.mp4,C:\Users\yousif\Documents\AIC Data\aic-data\dataset3\car10\annotation.txt,matched,V4RFlight112/car10,,
119,dataset3/car11,dataset3,car11,aic,unscored,0,0,0,0,dataset3__car11,,,,0,C:\Users\yousif\Documents\AIC Data\aic-data\dataset3\car11\car11_24.mp4,C:\Users\yousif\Documents\AIC Data\aic-data\dataset3\car11\annotation.txt,matched,V4RFlight112/car11,,
120,dataset3/car12,dataset3,car12,aic,unscored,0,0,0,0,dataset3__car12,,,,0,C:\Users\yousif\Documents\AIC Data\aic-data\dataset3\car12\car12_24.mp4,C:\Users\yousif\Documents\AIC Data\aic-data\dataset3\car12\annotation.txt,matched,V4RFlight112/car12,,
121,dataset3/car13,dataset3,car13,aic,unscored,0,0,0,0,dataset3__car13,,,,0,C:\Users\yousif\Documents\AIC Data\aic-data\dataset3\car13\car13_24.mp4,C:\Users\yousif\Documents\AIC Data\aic-data\dataset3\car13\annotation.txt,matched,V4RFlight112/car13,,
122,dataset3/car14,dataset3,car14,aic,unscored,0,0,0,0,dataset3__car14,,,,0,C:\Users\yousif\Documents\AIC Data\aic-data\dataset3\car14\car14_24.mp4,C:\Users\yousif\Documents\AIC Data\aic-data\dataset3\car14\annotation.txt,matched,V4RFlight112/car14,,
123,dataset3/car15,dataset3,car15,aic,unscored,0,0,0,0,dataset3__car15,,,,0,C:\Users\yousif\Documents\AIC Data\aic-data\dataset3\car15\car15_24.mp4,C:\Users\yousif\Documents\AIC Data\aic-data\dataset3\car15\annotation.txt,matched,V4RFlight112/car15,,
124,dataset3/car16_1,dataset3,car16_1,aic,unscored,0,0,0,0,dataset3__car16_1,,,,0,C:\Users\yousif\Documents\AIC Data\aic-data\dataset3\car16_1\car16_1_24.mp4,C:\Users\yousif\Documents\AIC Data\aic-data\dataset3\car16_1\annotation.txt,matched,V4RFlight112/car16_1,,
125,dataset3/car16_2,dataset3,car16_2,aic,unscored,0,0,0,0,dataset3__car16_2,,,,0,C:\Users\yousif\Documents\AIC Data\aic-data\dataset3\car16_2\car16_2_30.mp4,C:\Users\yousif\Documents\AIC Data\aic-data\dataset3\car16_2\annotation.txt,matched,V4RFlight112/car16_2,,
126,dataset3/car16_3,dataset3,car16_3,local,scored,168,168,168,168,dataset3__car16_3,0.2794784580498866,0.28373015873015867,0.2811791383219954,0,C:\Users\yousif\Documents\AIC Data\aic-data\dataset3\car16_3\car16_3_24.mp4,C:\Users\yousif\Documents\AIC Data\our-data\V4RFlight112\anno\car16_3.txt,matched,V4RFlight112/car16_3,,
127,dataset3/car17,dataset3,car17,aic,unscored,0,0,0,0,dataset3__car17,,,,0,C:\Users\yousif\Documents\AIC Data\aic-data\dataset3\car17\car17_30.mp4,C:\Users\yousif\Documents\AIC Data\aic-data\dataset3\car17\annotation.txt,matched,V4RFlight112/car17,,
128,dataset3/car18,dataset3,car18,aic,unscored,0,0,0,0,dataset3__car18,,,,0,C:\Users\yousif\Documents\AIC Data\aic-data\dataset3\car18\car18_30.mp4,C:\Users\yousif\Documents\AIC Data\aic-data\dataset3\car18\annotation.txt,matched,V4RFlight112/car18,,
129,dataset3/car2,dataset3,car2,aic,unscored,0,0,0,0,dataset3__car2,,,,0,C:\Users\yousif\Documents\AIC Data\aic-data\dataset3\car2\car2_30.mp4,C:\Users\yousif\Documents\AIC Data\aic-data\dataset3\car2\annotation.txt,matched,V4RFlight112/car2,,
130,dataset3/car2-n,dataset3,car2-n,aic,unscored,0,0,0,0,dataset3__car2-n,,,,0,C:\Users\yousif\Documents\AIC Data\aic-data\dataset3\car2-n\car2-n_30.mp4,C:\Users\yousif\Documents\AIC Data\aic-data\dataset3\car2-n\annotation.txt,matched,V4RFlight112/car2-n,,
131,dataset3/car3,dataset3,car3,aic,unscored,0,0,0,0,dataset3__car3,,,,0,C:\Users\yousif\Documents\AIC Data\aic-data\dataset3\car3\car3_30.mp4,C:\Users\yousif\Documents\AIC Data\aic-data\dataset3\car3\annotation.txt,matched,V4RFlight112/car3,,
132,dataset3/car4,dataset3,car4,local,scored,1302,1155,1155,1302,dataset3__car4,0.6162853019995878,0.7360544217687075,0.6641929499072357,269,C:\Users\yousif\Documents\AIC Data\aic-data\dataset3\car4\car4_30.mp4,C:\Users\yousif\Documents\AIC Data\our-data\V4RFlight112\anno\car4.txt,matched,V4RFlight112/car4,,
133,dataset3/car5,dataset3,car5,aic,unscored,0,0,0,0,dataset3__car5,,,,0,C:\Users\yousif\Documents\AIC Data\aic-data\dataset3\car5\car5_30.mp4,C:\Users\yousif\Documents\AIC Data\aic-data\dataset3\car5\annotation.txt,matched,V4RFlight112/car5,,
134,dataset3/car6_1,dataset3,car6_1,aic,unscored,0,0,0,0,dataset3__car6_1,,,,0,C:\Users\yousif\Documents\AIC Data\aic-data\dataset3\car6_1\car6_1_30.mp4,C:\Users\yousif\Documents\AIC Data\aic-data\dataset3\car6_1\annotation.txt,matched,V4RFlight112/car6_1,,
135,dataset3/car6_2,dataset3,car6_2,local,scored,1123,1103,1103,1123,dataset3__car6_2,0.7531839571730777,0.8555454820187366,0.7941285671113413,50,C:\Users\yousif\Documents\AIC Data\aic-data\dataset3\car6_2\car6_2_30.mp4,C:\Users\yousif\Documents\AIC Data\our-data\V4RFlight112\anno\car6_2.txt,matched,V4RFlight112/car6_2,,
136,dataset3/car7_1,dataset3,car7_1,local,scored,973,973,973,973,dataset3__car7_1,0.905789653991093,0.9485146576616259,0.9228796554593062,0,C:\Users\yousif\Documents\AIC Data\aic-data\dataset3\car7_1\car7_1_30.mp4,C:\Users\yousif\Documents\AIC Data\our-data\V4RFlight112\anno\car7_1.txt,matched,V4RFlight112/car7_1,,
137,dataset3/car7_2,dataset3,car7_2,local,scored,1968,1968,1968,1968,dataset3__car7_2,0.8977932636469221,0.944178281068525,0.9163472706155633,0,C:\Users\yousif\Documents\AIC Data\aic-data\dataset3\car7_2\car7_2_24.mp4,C:\Users\yousif\Documents\AIC Data\our-data\V4RFlight112\anno\car7_2.txt,matched,V4RFlight112/car7_2,,
138,dataset3/car7_3,dataset3,car7_3,aic,unscored,0,0,0,0,dataset3__car7_3,,,,0,C:\Users\yousif\Documents\AIC Data\aic-data\dataset3\car7_3\car7_3_24.mp4,C:\Users\yousif\Documents\AIC Data\aic-data\dataset3\car7_3\annotation.txt,matched,V4RFlight112/car7_3,,
139,dataset3/car8,dataset3,car8,aic,unscored,0,0,0,0,dataset3__car8,,,,0,C:\Users\yousif\Documents\AIC Data\aic-data\dataset3\car8\car8_24.mp4,C:\Users\yousif\Documents\AIC Data\aic-data\dataset3\car8\annotation.txt,matched,V4RFlight112/car8,,
140,dataset3/car9_1,dataset3,car9_1,aic,unscored,0,0,0,0,dataset3__car9_1,,,,0,C:\Users\yousif\Documents\AIC Data\aic-data\dataset3\car9_1\car9_1_24.mp4,C:\Users\yousif\Documents\AIC Data\aic-data\dataset3\car9_1\annotation.txt,matched,V4RFlight112/car9_1,,
141,dataset3/car9_2,dataset3,car9_2,aic,unscored,0,0,0,0,dataset3__car9_2,,,,0,C:\Users\yousif\Documents\AIC Data\aic-data\dataset3\car9_2\car9_2_24.mp4,C:\Users\yousif\Documents\AIC Data\aic-data\dataset3\car9_2\annotation.txt,matched,V4RFlight112/car9_2,,
142,dataset3/container,dataset3,container,aic,unscored,0,0,0,0,dataset3__container,,,,0,C:\Users\yousif\Documents\AIC Data\aic-data\dataset3\container\container_24.mp4,C:\Users\yousif\Documents\AIC Data\aic-data\dataset3\container\annotation.txt,matched,V4RFlight112/container,,
143,dataset3/couple,dataset3,couple,local,scored,1826,1807,1807,1826,dataset3__couple,0.5826020502279496,0.7008722692175927,0.6299101378238068,92,C:\Users\yousif\Documents\AIC Data\aic-data\dataset3\couple\couple_24.mp4,C:\Users\yousif\Documents\AIC Data\our-data\V4RFlight112\anno\couple.txt,matched,V4RFlight112/couple,,
144,dataset3/courier1,dataset3,courier1,aic,unscored,0,0,0,0,dataset3__courier1,,,,0,C:\Users\yousif\Documents\AIC Data\aic-data\dataset3\courier1\courier1_24.mp4,C:\Users\yousif\Documents\AIC Data\aic-data\dataset3\courier1\annotation.txt,matched,V4RFlight112/courier1,,
145,dataset3/courier2,dataset3,courier2,local,scored,1705,1705,1705,1705,dataset3__courier2,0.8583717357910908,0.9227202904622258,0.8841111576595448,0,C:\Users\yousif\Documents\AIC Data\aic-data\dataset3\courier2\courier2_30.mp4,C:\Users\yousif\Documents\AIC Data\our-data\V4RFlight112\anno\courier2.txt,matched,V4RFlight112/courier2,,
146,dataset3/dark_car1-n,dataset3,dark_car1-n,aic,unscored,0,0,0,0,dataset3__dark_car1-n,,,,0,C:\Users\yousif\Documents\AIC Data\aic-data\dataset3\dark_car1-n\dark_car1-n_30.mp4,C:\Users\yousif\Documents\AIC Data\aic-data\dataset3\dark_car1-n\annotation.txt,matched,V4RFlight112/dark car1-n,,
147,dataset3/dark_car2-n,dataset3,dark_car2-n,aic,unscored,0,0,0,0,dataset3__dark_car2-n,,,,0,C:\Users\yousif\Documents\AIC Data\aic-data\dataset3\dark_car2-n\dark_car2-n_30.mp4,C:\Users\yousif\Documents\AIC Data\aic-data\dataset3\dark_car2-n\annotation.txt,matched,V4RFlight112/dark car2-n,,
148,dataset3/duck1_1,dataset3,duck1_1,aic,unscored,0,0,0,0,dataset3__duck1_1,,,,0,C:\Users\yousif\Documents\AIC Data\aic-data\dataset3\duck1_1\duck1_1_24.mp4,C:\Users\yousif\Documents\AIC Data\aic-data\dataset3\duck1_1\annotation.txt,matched,V4RFlight112/duck1_1,,
149,dataset3/duck1_2,dataset3,duck1_2,aic,unscored,0,0,0,0,dataset3__duck1_2,,,,0,C:\Users\yousif\Documents\AIC Data\aic-data\dataset3\duck1_2\duck1_2_24.mp4,C:\Users\yousif\Documents\AIC Data\aic-data\dataset3\duck1_2\annotation.txt,matched,V4RFlight112/duck1_2,,
150,dataset3/duck2,dataset3,duck2,local,scored,1131,1131,1131,1131,dataset3__duck2,0.5566502463054187,0.6019957054439813,0.5747884299608437,0,C:\Users\yousif\Documents\AIC Data\aic-data\dataset3\duck2\duck2_24.mp4,C:\Users\yousif\Documents\AIC Data\our-data\V4RFlight112\anno\duck2.txt,matched,V4RFlight112/duck2,,
151,dataset3/duck3,dataset3,duck3,aic,unscored,0,0,0,0,dataset3__duck3,,,,0,C:\Users\yousif\Documents\AIC Data\aic-data\dataset3\duck3\duck3_24.mp4,C:\Users\yousif\Documents\AIC Data\aic-data\dataset3\duck3\annotation.txt,matched,V4RFlight112/duck3,,
152,dataset3/electric_box,dataset3,electric_box,local,scored,1164,1164,1164,1164,dataset3__electric_box,0.3080510554737359,0.3036737031582393,0.30630011454753725,0,C:\Users\yousif\Documents\AIC Data\aic-data\dataset3\electric_box\electric_box_24.mp4,C:\Users\yousif\Documents\AIC Data\our-data\V4RFlight112\anno\electric box.txt,matched,V4RFlight112/electric box,,
153,dataset3/excavator,dataset3,excavator,local,scored,630,630,630,630,dataset3__excavator,0.7915343915343916,0.8771730914588057,0.8257898715041573,0,C:\Users\yousif\Documents\AIC Data\aic-data\dataset3\excavator\excavator_30.mp4,C:\Users\yousif\Documents\AIC Data\our-data\V4RFlight112\anno\excavator.txt,matched,V4RFlight112/excavator,,
154,dataset3/football_player1_1,dataset3,football_player1_1,aic,unscored,0,0,0,0,dataset3__football_player1_1,,,,0,C:\Users\yousif\Documents\AIC Data\aic-data\dataset3\football_player1_1\football_player1_1_24.mp4,C:\Users\yousif\Documents\AIC Data\aic-data\dataset3\football_player1_1\annotation.txt,matched,V4RFlight112/football player1_1,,
155,dataset3/football_player1_2,dataset3,football_player1_2,aic,unscored,0,0,0,0,dataset3__football_player1_2,,,,0,C:\Users\yousif\Documents\AIC Data\aic-data\dataset3\football_player1_2\football_player1_2_24.mp4,C:\Users\yousif\Documents\AIC Data\aic-data\dataset3\football_player1_2\annotation.txt,matched,V4RFlight112/football player1_2,,
156,dataset3/football_player1_3,dataset3,football_player1_3,local,scored,1003,1003,1003,1003,dataset3__football_player1_3,0.8326923989934957,0.928120400702654,0.870863599677159,0,C:\Users\yousif\Documents\AIC Data\aic-data\dataset3\football_player1_3\football_player1_3_24.mp4,C:\Users\yousif\Documents\AIC Data\our-data\V4RFlight112\anno\football player1_3.txt,matched,V4RFlight112/football player1_3,,
157,dataset3/football_player2_1,dataset3,football_player2_1,aic,unscored,0,0,0,0,dataset3__football_player2_1,,,,0,C:\Users\yousif\Documents\AIC Data\aic-data\dataset3\football_player2_1\football_player2_1_24.mp4,C:\Users\yousif\Documents\AIC Data\aic-data\dataset3\football_player2_1\annotation.txt,matched,V4RFlight112/football player2_1,,
158,dataset3/football_player2_2,dataset3,football_player2_2,aic,unscored,0,0,0,0,dataset3__football_player2_2,,,,0,C:\Users\yousif\Documents\AIC Data\aic-data\dataset3\football_player2_2\football_player2_2_24.mp4,C:\Users\yousif\Documents\AIC Data\aic-data\dataset3\football_player2_2\annotation.txt,matched,V4RFlight112/football player2_2,,
159,dataset3/group1,dataset3,group1,aic,unscored,0,0,0,0,dataset3__group1,,,,0,C:\Users\yousif\Documents\AIC Data\aic-data\dataset3\group1\group1_24.mp4,C:\Users\yousif\Documents\AIC Data\aic-data\dataset3\group1\annotation.txt,matched,V4RFlight112/group1,,
160,dataset3/group2,dataset3,group2,aic,unscored,0,0,0,0,dataset3__group2,,,,0,C:\Users\yousif\Documents\AIC Data\aic-data\dataset3\group2\group2_24.mp4,C:\Users\yousif\Documents\AIC Data\aic-data\dataset3\group2\annotation.txt,matched,V4RFlight112/group2,,
161,dataset3/group3_1,dataset3,group3_1,local,scored,163,163,163,163,dataset3__group3_1,0.8200408997955011,0.918200408997955,0.8593047034764827,0,C:\Users\yousif\Documents\AIC Data\aic-data\dataset3\group3_1\group3_1_24.mp4,C:\Users\yousif\Documents\AIC Data\our-data\V4RFlight112\anno\group3_1.txt,matched,V4RFlight112/group3_1,,
162,dataset3/group3_2,dataset3,group3_2,local,scored,250,250,250,250,dataset3__group3_2,0.9081904761904761,0.9516190476190477,0.9255619047619048,0,C:\Users\yousif\Documents\AIC Data\aic-data\dataset3\group3_2\group3_2_24.mp4,C:\Users\yousif\Documents\AIC Data\our-data\V4RFlight112\anno\group3_2.txt,matched,V4RFlight112/group3_2,,
163,dataset3/group3_3,dataset3,group3_3,aic,unscored,0,0,0,0,dataset3__group3_3,,,,0,C:\Users\yousif\Documents\AIC Data\aic-data\dataset3\group3_3\group3_3_24.mp4,C:\Users\yousif\Documents\AIC Data\aic-data\dataset3\group3_3\annotation.txt,matched,V4RFlight112/group3_3,,
164,dataset3/group4,dataset3,group4,aic,unscored,0,0,0,0,dataset3__group4,,,,0,C:\Users\yousif\Documents\AIC Data\aic-data\dataset3\group4\group4_24.mp4,C:\Users\yousif\Documents\AIC Data\aic-data\dataset3\group4\annotation.txt,matched,V4RFlight112/group4,,
165,dataset3/group4_1,dataset3,group4_1,aic,unscored,0,0,0,0,dataset3__group4_1,,,,0,C:\Users\yousif\Documents\AIC Data\aic-data\dataset3\group4_1\group4_1_24.mp4,C:\Users\yousif\Documents\AIC Data\aic-data\dataset3\group4_1\annotation.txt,unmatched,,,
166,dataset3/group4_2,dataset3,group4_2,aic,unscored,0,0,0,0,dataset3__group4_2,,,,0,C:\Users\yousif\Documents\AIC Data\aic-data\dataset3\group4_2\group4_2_24.mp4,C:\Users\yousif\Documents\AIC Data\aic-data\dataset3\group4_2\annotation.txt,matched,V4RFlight112/group4_2,,
167,dataset3/hiker1,dataset3,hiker1,aic,unscored,0,0,0,0,dataset3__hiker1,,,,0,C:\Users\yousif\Documents\AIC Data\aic-data\dataset3\hiker1\hiker1_24.mp4,C:\Users\yousif\Documents\AIC Data\aic-data\dataset3\hiker1\annotation.txt,matched,V4RFlight112/hiker1,,
168,dataset3/hiker2,dataset3,hiker2,aic,unscored,0,0,0,0,dataset3__hiker2,,,,0,C:\Users\yousif\Documents\AIC Data\aic-data\dataset3\hiker2\hiker2_24.mp4,C:\Users\yousif\Documents\AIC Data\aic-data\dataset3\hiker2\annotation.txt,matched,V4RFlight112/hiker2,,
169,dataset3/human,dataset3,human,local,scored,1605,1605,1605,1605,dataset3__human,0.6884141818721258,0.7758196113336299,0.7233763536567275,0,C:\Users\yousif\Documents\AIC Data\aic-data\dataset3\human\human_24.mp4,C:\Users\yousif\Documents\AIC Data\our-data\V4RFlight112\anno\human.txt,matched,V4RFlight112/human,,
170,dataset3/human1,dataset3,human1,local,scored,90,90,90,90,dataset3__human1,0.8962962962962964,0.9486772486772488,0.9172486772486773,0,C:\Users\yousif\Documents\AIC Data\aic-data\dataset3\human1\human1_24.mp4,C:\Users\yousif\Documents\AIC Data\our-data\V4RFlight112\anno\human1.txt,matched,V4RFlight112/human1,,
171,dataset3/human2,dataset3,human2,aic,unscored,0,0,0,0,dataset3__human2,,,,0,C:\Users\yousif\Documents\AIC Data\aic-data\dataset3\human2\human2_24.mp4,C:\Users\yousif\Documents\AIC Data\aic-data\dataset3\human2\annotation.txt,matched,V4RFlight112/human2,,
172,dataset3/human3,dataset3,human3,aic,unscored,0,0,0,0,dataset3__human3,,,,0,C:\Users\yousif\Documents\AIC Data\aic-data\dataset3\human3\human3_24.mp4,C:\Users\yousif\Documents\AIC Data\aic-data\dataset3\human3\annotation.txt,matched,V4RFlight112/human3,,
173,dataset3/human4,dataset3,human4,local,scored,20,20,20,20,dataset3__human4,0.8238095238095239,0.9428571428571428,0.8714285714285714,0,C:\Users\yousif\Documents\AIC Data\aic-data\dataset3\human4\human4_24.mp4,C:\Users\yousif\Documents\AIC Data\our-data\V4RFlight112\anno\human4.txt,matched,V4RFlight112/human4,,
174,dataset3/human5,dataset3,human5,local,scored,208,208,208,208,dataset3__human5,0.695054945054945,0.7809065934065933,0.7293956043956044,33,C:\Users\yousif\Documents\AIC Data\aic-data\dataset3\human5\human5_24.mp4,C:\Users\yousif\Documents\AIC Data\our-data\V4RFlight112\anno\human5.txt,matched,V4RFlight112/human5,,
175,dataset3/island,dataset3,island,aic,unscored,0,0,0,0,dataset3__island,,,,0,C:\Users\yousif\Documents\AIC Data\aic-data\dataset3\island\island_30.mp4,C:\Users\yousif\Documents\AIC Data\aic-data\dataset3\island\annotation.txt,matched,V4RFlight112/island,,
176,dataset3/jogging1,dataset3,jogging1,aic,unscored,0,0,0,0,dataset3__jogging1,,,,0,C:\Users\yousif\Documents\AIC Data\aic-data\dataset3\jogging1\jogging1_30.mp4,C:\Users\yousif\Documents\AIC Data\aic-data\dataset3\jogging1\annotation.txt,matched,V4RFlight112/jogging1,,
177,dataset3/jogging2,dataset3,jogging2,local,scored,1717,1674,1674,1717,dataset3__jogging2,0.7804801729532911,0.8993286681458724,0.8280195710303235,73,C:\Users\yousif\Documents\AIC Data\aic-data\dataset3\jogging2\jogging2_30.mp4,C:\Users\yousif\Documents\AIC Data\our-data\V4RFlight112\anno\jogging2.txt,matched,V4RFlight112/jogging2,,
178,dataset3/motor1,dataset3,motor1,aic,unscored,0,0,0,0,dataset3__motor1,,,,0,C:\Users\yousif\Documents\AIC Data\aic-data\dataset3\motor1\motor1_24.mp4,C:\Users\yousif\Documents\AIC Data\aic-data\dataset3\motor1\annotation.txt,matched,V4RFlight112/motor1,,
179,dataset3/motor2,dataset3,motor2,local,scored,53,53,53,53,dataset3__motor2,0.8948787061994611,0.9398023360287512,0.9128481581311771,0,C:\Users\yousif\Documents\AIC Data\aic-data\dataset3\motor2\motor2_24.mp4,C:\Users\yousif\Documents\AIC Data\our-data\V4RFlight112\anno\motor2.txt,matched,V4RFlight112/motor2,,
180,dataset3/parterre1,dataset3,parterre1,aic,unscored,0,0,0,0,dataset3__parterre1,,,,0,C:\Users\yousif\Documents\AIC Data\aic-data\dataset3\parterre1\parterre1_30.mp4,C:\Users\yousif\Documents\AIC Data\aic-data\dataset3\parterre1\annotation.txt,matched,V4RFlight112/parterre1,,
181,dataset3/parterre2,dataset3,parterre2,local,scored,1705,1702,1702,1705,dataset3__parterre2,0.7606737171954563,0.881316098707403,0.808930669800235,0,C:\Users\yousif\Documents\AIC Data\aic-data\dataset3\parterre2\parterre2_30.mp4,C:\Users\yousif\Documents\AIC Data\our-data\V4RFlight112\anno\parterre2.txt,matched,V4RFlight112/parterre2,,
182,dataset3/pot_bunker,dataset3,pot_bunker,aic,unscored,0,0,0,0,dataset3__pot_bunker,,,,0,C:\Users\yousif\Documents\AIC Data\aic-data\dataset3\pot_bunker\pot_bunker_30.mp4,C:\Users\yousif\Documents\AIC Data\aic-data\dataset3\pot_bunker\annotation.txt,matched,V4RFlight112/pot bunker,,
183,dataset3/runner1,dataset3,runner1,aic,unscored,0,0,0,0,dataset3__runner1,,,,0,C:\Users\yousif\Documents\AIC Data\aic-data\dataset3\runner1\runner1_24.mp4,C:\Users\yousif\Documents\AIC Data\aic-data\dataset3\runner1\annotation.txt,matched,V4RFlight112/runner1,,
184,dataset3/runner2,dataset3,runner2,aic,unscored,0,0,0,0,dataset3__runner2,,,,0,C:\Users\yousif\Documents\AIC Data\aic-data\dataset3\runner2\runner2_24.mp4,C:\Users\yousif\Documents\AIC Data\aic-data\dataset3\runner2\annotation.txt,matched,V4RFlight112/runner2,,
185,dataset3/sand_truck-n,dataset3,sand_truck-n,aic,unscored,0,0,0,0,dataset3__sand_truck-n,,,,0,C:\Users\yousif\Documents\AIC Data\aic-data\dataset3\sand_truck-n\sand_truck-n_30.mp4,C:\Users\yousif\Documents\AIC Data\aic-data\dataset3\sand_truck-n\annotation.txt,matched,V4RFlight112/sand truck-n,,
186,dataset3/swan,dataset3,swan,aic,unscored,0,0,0,0,dataset3__swan,,,,0,C:\Users\yousif\Documents\AIC Data\aic-data\dataset3\swan\swan_30.mp4,C:\Users\yousif\Documents\AIC Data\aic-data\dataset3\swan\annotation.txt,matched,V4RFlight112/swan,,
187,dataset3/tennis_player1_1,dataset3,tennis_player1_1,aic,unscored,0,0,0,0,dataset3__tennis_player1_1,,,,0,C:\Users\yousif\Documents\AIC Data\aic-data\dataset3\tennis_player1_1\tennis_player1_1_30.mp4,C:\Users\yousif\Documents\AIC Data\aic-data\dataset3\tennis_player1_1\annotation.txt,matched,V4RFlight112/tennis player1_1,,
188,dataset3/tennis_player1_2,dataset3,tennis_player1_2,local,scored,1655,1589,1589,1655,dataset3__tennis_player1_2,0.7731727052054301,0.8688603194581798,0.81144775090653,83,C:\Users\yousif\Documents\AIC Data\aic-data\dataset3\tennis_player1_2\tennis_player1_2_30.mp4,C:\Users\yousif\Documents\AIC Data\our-data\V4RFlight112\anno\tennis player1_2.txt,matched,V4RFlight112/tennis player1_2,,
189,dataset3/tower_crane,dataset3,tower_crane,aic,unscored,0,0,0,0,dataset3__tower_crane,,,,0,C:\Users\yousif\Documents\AIC Data\aic-data\dataset3\tower_crane\tower_crane_30.mp4,C:\Users\yousif\Documents\AIC Data\aic-data\dataset3\tower_crane\annotation.txt,matched,V4RFlight112/tower crane,,
190,dataset3/tree,dataset3,tree,aic,unscored,0,0,0,0,dataset3__tree,,,,0,C:\Users\yousif\Documents\AIC Data\aic-data\dataset3\tree\tree_30.mp4,C:\Users\yousif\Documents\AIC Data\aic-data\dataset3\tree\annotation.txt,matched,V4RFlight112/tree,,
191,dataset3/tricycle1_1,dataset3,tricycle1_1,aic,unscored,0,0,0,0,dataset3__tricycle1_1,,,,0,C:\Users\yousif\Documents\AIC Data\aic-data\dataset3\tricycle1_1\tricycle1_1_30.mp4,C:\Users\yousif\Documents\AIC Data\aic-data\dataset3\tricycle1_1\annotation.txt,matched,V4RFlight112/tricycle1_1,,
192,dataset3/tricycle1_2,dataset3,tricycle1_2,aic,unscored,0,0,0,0,dataset3__tricycle1_2,,,,0,C:\Users\yousif\Documents\AIC Data\aic-data\dataset3\tricycle1_2\tricycle1_2_30.mp4,C:\Users\yousif\Documents\AIC Data\aic-data\dataset3\tricycle1_2\annotation.txt,matched,V4RFlight112/tricycle1_2,,
193,dataset3/truck,dataset3,truck,local,scored,1871,1835,1835,1871,dataset3__truck,0.6725833657713767,0.8014532243415079,0.7241313091994291,158,C:\Users\yousif\Documents\AIC Data\aic-data\dataset3\truck\truck_30.mp4,C:\Users\yousif\Documents\AIC Data\our-data\V4RFlight112\anno\truck.txt,matched,V4RFlight112/truck,,
194,dataset3/truck_night,dataset3,truck_night,aic,unscored,0,0,0,0,dataset3__truck_night,,,,0,C:\Users\yousif\Documents\AIC Data\aic-data\dataset3\truck_night\truck_night_30.mp4,C:\Users\yousif\Documents\AIC Data\aic-data\dataset3\truck_night\annotation.txt,matched,V4RFlight112/truck_night,,
195,dataset3/uav1,dataset3,uav1,aic,unscored,0,0,0,0,dataset3__uav1,,,,0,C:\Users\yousif\Documents\AIC Data\aic-data\dataset3\uav1\uav1_30.mp4,C:\Users\yousif\Documents\AIC Data\aic-data\dataset3\uav1\annotation.txt,matched,V4RFlight112/uav1,,
196,dataset3/uav2,dataset3,uav2,aic,unscored,0,0,0,0,dataset3__uav2,,,,0,C:\Users\yousif\Documents\AIC Data\aic-data\dataset3\uav2\uav2_30.mp4,C:\Users\yousif\Documents\AIC Data\aic-data\dataset3\uav2\annotation.txt,matched,V4RFlight112/uav2,,
197,dataset3/uav3_1,dataset3,uav3_1,aic,unscored,0,0,0,0,dataset3__uav3_1,,,,0,C:\Users\yousif\Documents\AIC Data\aic-data\dataset3\uav3_1\uav3_1_30.mp4,C:\Users\yousif\Documents\AIC Data\aic-data\dataset3\uav3_1\annotation.txt,matched,V4RFlight112/uav3_1,,
198,dataset3/uav3_2,dataset3,uav3_2,aic,unscored,0,0,0,0,dataset3__uav3_2,,,,0,C:\Users\yousif\Documents\AIC Data\aic-data\dataset3\uav3_2\uav3_2_30.mp4,C:\Users\yousif\Documents\AIC Data\aic-data\dataset3\uav3_2\annotation.txt,matched,V4RFlight112/uav3_2,,
199,dataset3/uav4,dataset3,uav4,aic,unscored,0,0,0,0,dataset3__uav4,,,,0,C:\Users\yousif\Documents\AIC Data\aic-data\dataset3\uav4\uav4_30.mp4,C:\Users\yousif\Documents\AIC Data\aic-data\dataset3\uav4\annotation.txt,matched,V4RFlight112/uav4,,
200,dataset3/uav5,dataset3,uav5,aic,unscored,0,0,0,0,dataset3__uav5,,,,0,C:\Users\yousif\Documents\AIC Data\aic-data\dataset3\uav5\uav5_24.mp4,C:\Users\yousif\Documents\AIC Data\aic-data\dataset3\uav5\annotation.txt,matched,V4RFlight112/uav5,,
201,dataset4/bike1,dataset4,bike1,aic,unscored,0,0,0,0,dataset4__bike1,,,,0,C:\Users\yousif\Documents\AIC Data\aic-data\dataset4\bike1\bike1_30.mp4,C:\Users\yousif\Documents\AIC Data\aic-data\dataset4\bike1\annotation.txt,matched,UAV20L/bike1,,
202,dataset4/bird1,dataset4,bird1,aic,unscored,0,0,0,0,dataset4__bird1,,,,0,C:\Users\yousif\Documents\AIC Data\aic-data\dataset4\bird1\bird1_30.mp4,C:\Users\yousif\Documents\AIC Data\aic-data\dataset4\bird1\annotation.txt,matched,UAV20L/bird1,,
203,dataset4/car1,dataset4,car1,aic,unscored,0,0,0,0,dataset4__car1,,,,0,C:\Users\yousif\Documents\AIC Data\aic-data\dataset4\car1\car1_96.mp4,C:\Users\yousif\Documents\AIC Data\aic-data\dataset4\car1\annotation.txt,matched,UAV20L/car1,,
204,dataset4/car16,dataset4,car16,aic,unscored,0,0,0,0,dataset4__car16,,,,0,C:\Users\yousif\Documents\AIC Data\aic-data\dataset4\car16\car16_96.mp4,C:\Users\yousif\Documents\AIC Data\aic-data\dataset4\car16\annotation.txt,matched,UAV20L/car16,,
205,dataset4/car3,dataset4,car3,aic,unscored,0,0,0,0,dataset4__car3,,,,0,C:\Users\yousif\Documents\AIC Data\aic-data\dataset4\car3\car3_96.mp4,C:\Users\yousif\Documents\AIC Data\aic-data\dataset4\car3\annotation.txt,matched,UAV20L/car3,,
206,dataset4/car6,dataset4,car6,aic,unscored,0,0,0,0,dataset4__car6,,,,0,C:\Users\yousif\Documents\AIC Data\aic-data\dataset4\car6\car6_96.mp4,C:\Users\yousif\Documents\AIC Data\aic-data\dataset4\car6\annotation.txt,matched,UAV20L/car6,,
207,dataset4/car8,dataset4,car8,aic,unscored,0,0,0,0,dataset4__car8,,,,0,C:\Users\yousif\Documents\AIC Data\aic-data\dataset4\car8\car8_96.mp4,C:\Users\yousif\Documents\AIC Data\aic-data\dataset4\car8\annotation.txt,matched,UAV20L/car8,,
208,dataset4/car9,dataset4,car9,aic,unscored,0,0,0,0,dataset4__car9,,,,0,C:\Users\yousif\Documents\AIC Data\aic-data\dataset4\car9\car9_96.mp4,C:\Users\yousif\Documents\AIC Data\aic-data\dataset4\car9\annotation.txt,matched,UAV20L/car9,,
209,dataset4/group1,dataset4,group1,aic,unscored,0,0,0,0,dataset4__group1,,,,0,C:\Users\yousif\Documents\AIC Data\aic-data\dataset4\group1\group1_30.mp4,C:\Users\yousif\Documents\AIC Data\aic-data\dataset4\group1\annotation.txt,matched,UAV20L/group1,,
210,dataset4/group2,dataset4,group2,local,scored,2683,2475,2475,2683,dataset4__group2,0.5994227994227994,0.7333910533910534,0.653010101010101,147,C:\Users\yousif\Documents\AIC Data\aic-data\dataset4\group2\group2_96.mp4,C:\Users\yousif\Documents\AIC Data\our-data\UAV123\anno\UAV20L\group2.txt,matched,UAV20L/group2,,
211,dataset4/group3,dataset4,group3,aic,unscored,0,0,0,0,dataset4__group3,,,,0,C:\Users\yousif\Documents\AIC Data\aic-data\dataset4\group3\group3_96.mp4,C:\Users\yousif\Documents\AIC Data\aic-data\dataset4\group3\annotation.txt,matched,UAV20L/group3,,
212,dataset4/person14,dataset4,person14,aic,unscored,0,0,0,0,dataset4__person14,,,,0,C:\Users\yousif\Documents\AIC Data\aic-data\dataset4\person14\person14_96.mp4,C:\Users\yousif\Documents\AIC Data\aic-data\dataset4\person14\annotation.txt,matched,UAV20L/person14,,
213,dataset4/person17,dataset4,person17,aic,unscored,0,0,0,0,dataset4__person17,,,,0,C:\Users\yousif\Documents\AIC Data\aic-data\dataset4\person17\person17_96.mp4,C:\Users\yousif\Documents\AIC Data\aic-data\dataset4\person17\annotation.txt,matched,UAV20L/person17,,
214,dataset4/person19,dataset4,person19,local,scored,4357,4006,4006,4357,dataset4__person19,0.8032356227563416,0.8781589520481186,0.8332049544730524,243,C:\Users\yousif\Documents\AIC Data\aic-data\dataset4\person19\person19_96.mp4,C:\Users\yousif\Documents\AIC Data\our-data\UAV123\anno\UAV20L\person19.txt,matched,UAV20L/person19,,
215,dataset4/person2,dataset4,person2,aic,unscored,0,0,0,0,dataset4__person2,,,,0,C:\Users\yousif\Documents\AIC Data\aic-data\dataset4\person2\person2_30.mp4,C:\Users\yousif\Documents\AIC Data\aic-data\dataset4\person2\annotation.txt,matched,UAV20L/person2,,
216,dataset4/person20,dataset4,person20,local,scored,1783,1783,1783,1783,dataset4__person20,0.7872766605239967,0.9314691664663621,0.8449536629009429,0,C:\Users\yousif\Documents\AIC Data\aic-data\dataset4\person20\person20_96.mp4,C:\Users\yousif\Documents\AIC Data\our-data\UAV123\anno\UAV20L\person20.txt,matched,UAV20L/person20,,
217,dataset4/person4,dataset4,person4,local,scored,2743,2743,2743,2743,dataset4__person4,0.7995069701230839,0.9167751679600021,0.8464142492578512,0,C:\Users\yousif\Documents\AIC Data\aic-data\dataset4\person4\person4_30.mp4,C:\Users\yousif\Documents\AIC Data\our-data\UAV123\anno\UAV20L\person4.txt,matched,UAV20L/person4,,
218,dataset4/person5,dataset4,person5,local,scored,2101,2101,2101,2101,dataset4__person5,0.8626051086784071,0.9415244441422452,0.8941728428639424,0,C:\Users\yousif\Documents\AIC Data\aic-data\dataset4\person5\person5_30.mp4,C:\Users\yousif\Documents\AIC Data\our-data\UAV123\anno\UAV20L\person5.txt,matched,UAV20L/person5,,
219,dataset4/person7,dataset4,person7,aic,unscored,0,0,0,0,dataset4__person7,,,,0,C:\Users\yousif\Documents\AIC Data\aic-data\dataset4\person7\person7_30.mp4,C:\Users\yousif\Documents\AIC Data\aic-data\dataset4\person7\annotation.txt,matched,UAV20L/person7,,
220,dataset4/uav1,dataset4,uav1,aic,unscored,0,0,0,0,dataset4__uav1,,,,0,C:\Users\yousif\Documents\AIC Data\aic-data\dataset4\uav1\uav1_30.mp4,C:\Users\yousif\Documents\AIC Data\aic-data\dataset4\uav1\annotation.txt,matched,UAV20L/uav1,,
221,dataset5/bike1,dataset5,bike1,aic,unscored,0,0,0,0,dataset5__bike1,,,,0,C:\Users\yousif\Documents\AIC Data\aic-data\dataset5\bike1\bike1_30.mp4,C:\Users\yousif\Documents\AIC Data\aic-data\dataset5\bike1\annotation.txt,matched,UAV20L/bike1,,
222,dataset5/bike2,dataset5,bike2,aic,unscored,0,0,0,0,dataset5__bike2,,,,0,C:\Users\yousif\Documents\AIC Data\aic-data\dataset5\bike2\bike2_30.mp4,C:\Users\yousif\Documents\AIC Data\aic-data\dataset5\bike2\annotation.txt,matched,UAV123/bike2,,
223,dataset5/bike3,dataset5,bike3,aic,unscored,0,0,0,0,dataset5__bike3,,,,0,C:\Users\yousif\Documents\AIC Data\aic-data\dataset5\bike3\bike3_30.mp4,C:\Users\yousif\Documents\AIC Data\aic-data\dataset5\bike3\annotation.txt,matched,UAV123/bike3,,
224,dataset5/bird1_1,dataset5,bird1_1,aic,unscored,0,0,0,0,dataset5__bird1_1,,,,0,C:\Users\yousif\Documents\AIC Data\aic-data\dataset5\bird1_1\bird1_1_30.mp4,C:\Users\yousif\Documents\AIC Data\aic-data\dataset5\bird1_1\annotation.txt,matched,UAV123/bird1_1,,
225,dataset5/bird1_2,dataset5,bird1_2,aic,unscored,0,0,0,0,dataset5__bird1_2,,,,0,C:\Users\yousif\Documents\AIC Data\aic-data\dataset5\bird1_2\bird1_2_30.mp4,C:\Users\yousif\Documents\AIC Data\aic-data\dataset5\bird1_2\annotation.txt,matched,UAV123/bird1_2,,
226,dataset5/bird1_3,dataset5,bird1_3,aic,unscored,0,0,0,0,dataset5__bird1_3,,,,0,C:\Users\yousif\Documents\AIC Data\aic-data\dataset5\bird1_3\bird1_3_30.mp4,C:\Users\yousif\Documents\AIC Data\aic-data\dataset5\bird1_3\annotation.txt,matched,UAV123/bird1_3,,
227,dataset5/boat1,dataset5,boat1,aic,unscored,0,0,0,0,dataset5__boat1,,,,0,C:\Users\yousif\Documents\AIC Data\aic-data\dataset5\boat1\boat1_30.mp4,C:\Users\yousif\Documents\AIC Data\aic-data\dataset5\boat1\annotation.txt,matched,UAV123/boat1,,
228,dataset5/boat2,dataset5,boat2,aic,unscored,0,0,0,0,dataset5__boat2,,,,0,C:\Users\yousif\Documents\AIC Data\aic-data\dataset5\boat2\boat2_30.mp4,C:\Users\yousif\Documents\AIC Data\aic-data\dataset5\boat2\annotation.txt,matched,UAV123/boat2,,
229,dataset5/boat3,dataset5,boat3,local,scored,901,901,901,901,dataset5__boat3,0.7971037471592408,0.924211193911527,0.8479467258601553,0,C:\Users\yousif\Documents\AIC Data\aic-data\dataset5\boat3\boat3_30.mp4,C:\Users\yousif\Documents\AIC Data\our-data\UAV123\anno\UAV123\boat3.txt,matched,UAV123/boat3,,
230,dataset5/boat4,dataset5,boat4,aic,unscored,0,0,0,0,dataset5__boat4,,,,0,C:\Users\yousif\Documents\AIC Data\aic-data\dataset5\boat4\boat4_30.mp4,C:\Users\yousif\Documents\AIC Data\aic-data\dataset5\boat4\annotation.txt,matched,UAV123/boat4,,
231,dataset5/boat5,dataset5,boat5,local,scored,505,505,505,505,dataset5__boat5,0.8628948609146628,0.943988684582744,0.8953323903818953,0,C:\Users\yousif\Documents\AIC Data\aic-data\dataset5\boat5\boat5_30.mp4,C:\Users\yousif\Documents\AIC Data\our-data\UAV123\anno\UAV123\boat5.txt,matched,UAV123/boat5,,
232,dataset5/boat6,dataset5,boat6,aic,unscored,0,0,0,0,dataset5__boat6,,,,0,C:\Users\yousif\Documents\AIC Data\aic-data\dataset5\boat6\boat6_30.mp4,C:\Users\yousif\Documents\AIC Data\aic-data\dataset5\boat6\annotation.txt,matched,UAV123/boat6,,
233,dataset5/boat7,dataset5,boat7,aic,unscored,0,0,0,0,dataset5__boat7,,,,0,C:\Users\yousif\Documents\AIC Data\aic-data\dataset5\boat7\boat7_96.mp4,C:\Users\yousif\Documents\AIC Data\aic-data\dataset5\boat7\annotation.txt,matched,UAV123/boat7,,
234,dataset5/boat8,dataset5,boat8,local,scored,685,685,685,685,dataset5__boat8,0.5846367744177963,0.7512686826555439,0.6512895377128953,0,C:\Users\yousif\Documents\AIC Data\aic-data\dataset5\boat8\boat8_96.mp4,C:\Users\yousif\Documents\AIC Data\our-data\UAV123\anno\UAV123\boat8.txt,matched,UAV123/boat8,,
235,dataset5/boat9,dataset5,boat9,aic,unscored,0,0,0,0,dataset5__boat9,,,,0,C:\Users\yousif\Documents\AIC Data\aic-data\dataset5\boat9\boat9_96.mp4,C:\Users\yousif\Documents\AIC Data\aic-data\dataset5\boat9\annotation.txt,matched,UAV123/boat9,,
236,dataset5/building1,dataset5,building1,local,scored,469,469,469,469,dataset5__building1,0.8724743628794801,0.9399939080109656,0.8994821809320743,0,C:\Users\yousif\Documents\AIC Data\aic-data\dataset5\building1\building1_30.mp4,C:\Users\yousif\Documents\AIC Data\our-data\UAV123\anno\UAV123\building1.txt,matched,UAV123/building1,,
237,dataset5/building2,dataset5,building2,aic,unscored,0,0,0,0,dataset5__building2,,,,0,C:\Users\yousif\Documents\AIC Data\aic-data\dataset5\building2\building2_30.mp4,C:\Users\yousif\Documents\AIC Data\aic-data\dataset5\building2\annotation.txt,matched,UAV123/building2,,
238,dataset5/building3,dataset5,building3,aic,unscored,0,0,0,0,dataset5__building3,,,,0,C:\Users\yousif\Documents\AIC Data\aic-data\dataset5\building3\building3_30.mp4,C:\Users\yousif\Documents\AIC Data\aic-data\dataset5\building3\annotation.txt,matched,UAV123/building3,,
239,dataset5/building4,dataset5,building4,local,scored,787,787,787,787,dataset5__building4,0.6786470623827675,0.8122466267320143,0.7320868881224663,0,C:\Users\yousif\Documents\AIC Data\aic-data\dataset5\building4\building4_30.mp4,C:\Users\yousif\Documents\AIC Data\our-data\UAV123\anno\UAV123\building4.txt,matched,UAV123/building4,,
240,dataset5/building5,dataset5,building5,aic,unscored,0,0,0,0,dataset5__building5,,,,0,C:\Users\yousif\Documents\AIC Data\aic-data\dataset5\building5\building5_96.mp4,C:\Users\yousif\Documents\AIC Data\aic-data\dataset5\building5\annotation.txt,matched,UAV123/building5,,
241,dataset5/car10,dataset5,car10,aic,unscored,0,0,0,0,dataset5__car10,,,,0,C:\Users\yousif\Documents\AIC Data\aic-data\dataset5\car10\car10_96.mp4,C:\Users\yousif\Documents\AIC Data\aic-data\dataset5\car10\annotation.txt,matched,UAV123/car10,,
242,dataset5/car11,dataset5,car11,aic,unscored,0,0,0,0,dataset5__car11,,,,0,C:\Users\yousif\Documents\AIC Data\aic-data\dataset5\car11\car11_60.mp4,C:\Users\yousif\Documents\AIC Data\aic-data\dataset5\car11\annotation.txt,matched,UAV123/car11,,
243,dataset5/car12,dataset5,car12,aic,unscored,0,0,0,0,dataset5__car12,,,,0,C:\Users\yousif\Documents\AIC Data\aic-data\dataset5\car12\car12_96.mp4,C:\Users\yousif\Documents\AIC Data\aic-data\dataset5\car12\annotation.txt,matched,UAV123/car12,,
244,dataset5/car13,dataset5,car13,aic,unscored,0,0,0,0,dataset5__car13,,,,0,C:\Users\yousif\Documents\AIC Data\aic-data\dataset5\car13\car13_96.mp4,C:\Users\yousif\Documents\AIC Data\aic-data\dataset5\car13\annotation.txt,matched,UAV123/car13,,
245,dataset5/car14,dataset5,car14,aic,unscored,0,0,0,0,dataset5__car14,,,,0,C:\Users\yousif\Documents\AIC Data\aic-data\dataset5\car14\car14_96.mp4,C:\Users\yousif\Documents\AIC Data\aic-data\dataset5\car14\annotation.txt,matched,UAV123/car14,,
246,dataset5/car15,dataset5,car15,aic,unscored,0,0,0,0,dataset5__car15,,,,0,C:\Users\yousif\Documents\AIC Data\aic-data\dataset5\car15\car15_30.mp4,C:\Users\yousif\Documents\AIC Data\aic-data\dataset5\car15\annotation.txt,matched,UAV123/car15,,
247,dataset5/car16_1,dataset5,car16_1,aic,unscored,0,0,0,0,dataset5__car16_1,,,,0,C:\Users\yousif\Documents\AIC Data\aic-data\dataset5\car16_1\car16_1_96.mp4,C:\Users\yousif\Documents\AIC Data\aic-data\dataset5\car16_1\annotation.txt,matched,UAV123/car16_1,,
248,dataset5/car16_2,dataset5,car16_2,aic,unscored,0,0,0,0,dataset5__car16_2,,,,0,C:\Users\yousif\Documents\AIC Data\aic-data\dataset5\car16_2\car16_2_96.mp4,C:\Users\yousif\Documents\AIC Data\aic-data\dataset5\car16_2\annotation.txt,matched,UAV123/car16_2,,
249,dataset5/car17,dataset5,car17,aic,unscored,0,0,0,0,dataset5__car17,,,,0,C:\Users\yousif\Documents\AIC Data\aic-data\dataset5\car17\car17_96.mp4,C:\Users\yousif\Documents\AIC Data\aic-data\dataset5\car17\annotation.txt,matched,UAV123/car17,,
250,dataset5/car18,dataset5,car18,aic,unscored,0,0,0,0,dataset5__car18,,,,0,C:\Users\yousif\Documents\AIC Data\aic-data\dataset5\car18\car18_96.mp4,C:\Users\yousif\Documents\AIC Data\aic-data\dataset5\car18\annotation.txt,matched,UAV123/car18,,
251,dataset5/car1_1,dataset5,car1_1,aic,unscored,0,0,0,0,dataset5__car1_1,,,,0,C:\Users\yousif\Documents\AIC Data\aic-data\dataset5\car1_1\car1_1_96.mp4,C:\Users\yousif\Documents\AIC Data\aic-data\dataset5\car1_1\annotation.txt,matched,UAV123/car1_1,,
252,dataset5/car1_2,dataset5,car1_2,aic,unscored,0,0,0,0,dataset5__car1_2,,,,0,C:\Users\yousif\Documents\AIC Data\aic-data\dataset5\car1_2\car1_2_96.mp4,C:\Users\yousif\Documents\AIC Data\aic-data\dataset5\car1_2\annotation.txt,matched,UAV123/car1_2,,
253,dataset5/car1_3,dataset5,car1_3,aic,unscored,0,0,0,0,dataset5__car1_3,,,,0,C:\Users\yousif\Documents\AIC Data\aic-data\dataset5\car1_3\car1_3_96.mp4,C:\Users\yousif\Documents\AIC Data\aic-data\dataset5\car1_3\annotation.txt,matched,UAV123/car1_3,,
254,dataset5/car1_s,dataset5,car1_s,aic,unscored,0,0,0,0,dataset5__car1_s,,,,0,C:\Users\yousif\Documents\AIC Data\aic-data\dataset5\car1_s\car1_s_30.mp4,C:\Users\yousif\Documents\AIC Data\aic-data\dataset5\car1_s\annotation.txt,matched,UAV123/car1_s,,
255,dataset5/car2,dataset5,car2,aic,unscored,0,0,0,0,dataset5__car2,,,,0,C:\Users\yousif\Documents\AIC Data\aic-data\dataset5\car2\car2_96.mp4,C:\Users\yousif\Documents\AIC Data\aic-data\dataset5\car2\annotation.txt,matched,UAV123/car2,,
256,dataset5/car2_s,dataset5,car2_s,aic,unscored,0,0,0,0,dataset5__car2_s,,,,0,C:\Users\yousif\Documents\AIC Data\aic-data\dataset5\car2_s\car2_s_30.mp4,C:\Users\yousif\Documents\AIC Data\aic-data\dataset5\car2_s\annotation.txt,matched,UAV123/car2_s,,
257,dataset5/car3,dataset5,car3,aic,unscored,0,0,0,0,dataset5__car3,,,,0,C:\Users\yousif\Documents\AIC Data\aic-data\dataset5\car3\car3_96.mp4,C:\Users\yousif\Documents\AIC Data\aic-data\dataset5\car3\annotation.txt,matched,UAV20L/car3,,
258,dataset5/car3_s,dataset5,car3_s,local,scored,1300,1300,1300,1300,dataset5__car3_s,0.7341391941391942,0.8523076923076922,0.7814065934065934,0,C:\Users\yousif\Documents\AIC Data\aic-data\dataset5\car3_s\car3_s_30.mp4,C:\Users\yousif\Documents\AIC Data\our-data\UAV123\anno\UAV123\car3_s.txt,matched,UAV123/car3_s,,
259,dataset5/car4,dataset5,car4,local,scored,1345,1345,1345,1345,dataset5__car4,0.8257744733581165,0.9024960169941584,0.8564630908125332,38,C:\Users\yousif\Documents\AIC Data\aic-data\dataset5\car4\car4_96.mp4,C:\Users\yousif\Documents\AIC Data\our-data\UAV123\anno\UAV123\car4.txt,matched,UAV123/car4,,
260,dataset5/car4_s,dataset5,car4_s,aic,unscored,0,0,0,0,dataset5__car4_s,,,,0,C:\Users\yousif\Documents\AIC Data\aic-data\dataset5\car4_s\car4_s_30.mp4,C:\Users\yousif\Documents\AIC Data\aic-data\dataset5\car4_s\annotation.txt,matched,UAV123/car4_s,,
261,dataset5/car5,dataset5,car5,aic,unscored,0,0,0,0,dataset5__car5,,,,0,C:\Users\yousif\Documents\AIC Data\aic-data\dataset5\car5\car5_96.mp4,C:\Users\yousif\Documents\AIC Data\aic-data\dataset5\car5\annotation.txt,matched,UAV123/car5,,
262,dataset5/car6_1,dataset5,car6_1,aic,unscored,0,0,0,0,dataset5__car6_1,,,,0,C:\Users\yousif\Documents\AIC Data\aic-data\dataset5\car6_1\car6_1_96.mp4,C:\Users\yousif\Documents\AIC Data\aic-data\dataset5\car6_1\annotation.txt,matched,UAV123/car6_1,,
263,dataset5/car6_2,dataset5,car6_2,aic,unscored,0,0,0,0,dataset5__car6_2,,,,0,C:\Users\yousif\Documents\AIC Data\aic-data\dataset5\car6_2\car6_2_96.mp4,C:\Users\yousif\Documents\AIC Data\aic-data\dataset5\car6_2\annotation.txt,matched,UAV123/car6_2,,
264,dataset5/car6_3,dataset5,car6_3,aic,unscored,0,0,0,0,dataset5__car6_3,,,,0,C:\Users\yousif\Documents\AIC Data\aic-data\dataset5\car6_3\car6_3_96.mp4,C:\Users\yousif\Documents\AIC Data\aic-data\dataset5\car6_3\annotation.txt,matched,UAV123/car6_3,,
265,dataset5/car6_4,dataset5,car6_4,aic,unscored,0,0,0,0,dataset5__car6_4,,,,0,C:\Users\yousif\Documents\AIC Data\aic-data\dataset5\car6_4\car6_4_96.mp4,C:\Users\yousif\Documents\AIC Data\aic-data\dataset5\car6_4\annotation.txt,matched,UAV123/car6_4,,
266,dataset5/car6_5,dataset5,car6_5,aic,unscored,0,0,0,0,dataset5__car6_5,,,,0,C:\Users\yousif\Documents\AIC Data\aic-data\dataset5\car6_5\car6_5_96.mp4,C:\Users\yousif\Documents\AIC Data\aic-data\dataset5\car6_5\annotation.txt,matched,UAV123/car6_5,,
267,dataset5/car7,dataset5,car7,aic,unscored,0,0,0,0,dataset5__car7,,,,0,C:\Users\yousif\Documents\AIC Data\aic-data\dataset5\car7\car7_96.mp4,C:\Users\yousif\Documents\AIC Data\aic-data\dataset5\car7\annotation.txt,matched,UAV123/car7,,
268,dataset5/car8_1,dataset5,car8_1,aic,unscored,0,0,0,0,dataset5__car8_1,,,,0,C:\Users\yousif\Documents\AIC Data\aic-data\dataset5\car8_1\car8_1_96.mp4,C:\Users\yousif\Documents\AIC Data\aic-data\dataset5\car8_1\annotation.txt,matched,UAV123/car8_1,,
269,dataset5/car8_2,dataset5,car8_2,aic,unscored,0,0,0,0,dataset5__car8_2,,,,0,C:\Users\yousif\Documents\AIC Data\aic-data\dataset5\car8_2\car8_2_96.mp4,C:\Users\yousif\Documents\AIC Data\aic-data\dataset5\car8_2\annotation.txt,matched,UAV123/car8_2,,
270,dataset5/car9,dataset5,car9,aic,unscored,0,0,0,0,dataset5__car9,,,,0,C:\Users\yousif\Documents\AIC Data\aic-data\dataset5\car9\car9_96.mp4,C:\Users\yousif\Documents\AIC Data\aic-data\dataset5\car9\annotation.txt,matched,UAV20L/car9,,
271,dataset5/group1_1,dataset5,group1_1,aic,unscored,0,0,0,0,dataset5__group1_1,,,,0,C:\Users\yousif\Documents\AIC Data\aic-data\dataset5\group1_1\group1_1_30.mp4,C:\Users\yousif\Documents\AIC Data\aic-data\dataset5\group1_1\annotation.txt,matched,UAV123/group1_1,,
272,dataset5/group1_2,dataset5,group1_2,aic,unscored,0,0,0,0,dataset5__group1_2,,,,0,C:\Users\yousif\Documents\AIC Data\aic-data\dataset5\group1_2\group1_2_30.mp4,C:\Users\yousif\Documents\AIC Data\aic-data\dataset5\group1_2\annotation.txt,matched,UAV123/group1_2,,
273,dataset5/group1_3,dataset5,group1_3,aic,unscored,0,0,0,0,dataset5__group1_3,,,,0,C:\Users\yousif\Documents\AIC Data\aic-data\dataset5\group1_3\group1_3_30.mp4,C:\Users\yousif\Documents\AIC Data\aic-data\dataset5\group1_3\annotation.txt,matched,UAV123/group1_3,,
274,dataset5/group1_4,dataset5,group1_4,aic,unscored,0,0,0,0,dataset5__group1_4,,,,0,C:\Users\yousif\Documents\AIC Data\aic-data\dataset5\group1_4\group1_4_30.mp4,C:\Users\yousif\Documents\AIC Data\aic-data\dataset5\group1_4\annotation.txt,matched,UAV123/group1_4,,
275,dataset5/group2_1,dataset5,group2_1,local,scored,907,840,840,907,dataset5__group2_1,0.43015873015873024,0.5028344671201813,0.4592290249433107,17,C:\Users\yousif\Documents\AIC Data\aic-data\dataset5\group2_1\group2_1_96.mp4,C:\Users\yousif\Documents\AIC Data\our-data\UAV123\anno\UAV123\group2_1.txt,matched,UAV123/group2_1,,
276,dataset5/group2_2,dataset5,group2_2,local,scored,865,848,848,865,dataset5__group2_2,0.7204627133872417,0.8862309074573225,0.786769991015274,0,C:\Users\yousif\Documents\AIC Data\aic-data\dataset5\group2_2\group2_2_96.mp4,C:\Users\yousif\Documents\AIC Data\our-data\UAV123\anno\UAV123\group2_2.txt,matched,UAV123/group2_2,,
277,dataset5/group2_3,dataset5,group2_3,local,scored,913,789,789,913,dataset5__group2_3,0.6741505220592673,0.813024322530026,0.7297000422475708,130,C:\Users\yousif\Documents\AIC Data\aic-data\dataset5\group2_3\group2_3_96.mp4,C:\Users\yousif\Documents\AIC Data\our-data\UAV123\anno\UAV123\group2_3.txt,matched,UAV123/group2_3,,
278,dataset5/group3_1,dataset5,group3_1,aic,unscored,0,0,0,0,dataset5__group3_1,,,,0,C:\Users\yousif\Documents\AIC Data\aic-data\dataset5\group3_1\group3_1_96.mp4,C:\Users\yousif\Documents\AIC Data\aic-data\dataset5\group3_1\annotation.txt,matched,UAV123/group3_1,,
279,dataset5/group3_2,dataset5,group3_2,aic,unscored,0,0,0,0,dataset5__group3_2,,,,0,C:\Users\yousif\Documents\AIC Data\aic-data\dataset5\group3_2\group3_2_96.mp4,C:\Users\yousif\Documents\AIC Data\aic-data\dataset5\group3_2\annotation.txt,matched,UAV123/group3_2,,
280,dataset5/group3_3,dataset5,group3_3,aic,unscored,0,0,0,0,dataset5__group3_3,,,,0,C:\Users\yousif\Documents\AIC Data\aic-data\dataset5\group3_3\group3_3_96.mp4,C:\Users\yousif\Documents\AIC Data\aic-data\dataset5\group3_3\annotation.txt,matched,UAV123/group3_3,,
281,dataset5/group3_4,dataset5,group3_4,aic,unscored,0,0,0,0,dataset5__group3_4,,,,0,C:\Users\yousif\Documents\AIC Data\aic-data\dataset5\group3_4\group3_4_96.mp4,C:\Users\yousif\Documents\AIC Data\aic-data\dataset5\group3_4\annotation.txt,matched,UAV123/group3_4,,
282,dataset5/person1,dataset5,person1,local,scored,799,799,799,799,dataset5__person1,0.851004231479826,0.9344418618511234,0.884379283628345,0,C:\Users\yousif\Documents\AIC Data\aic-data\dataset5\person1\person1_30.mp4,C:\Users\yousif\Documents\AIC Data\our-data\UAV123\anno\UAV123\person1.txt,matched,UAV123/person1,,
283,dataset5/person10,dataset5,person10,aic,unscored,0,0,0,0,dataset5__person10,,,,0,C:\Users\yousif\Documents\AIC Data\aic-data\dataset5\person10\person10_30.mp4,C:\Users\yousif\Documents\AIC Data\aic-data\dataset5\person10\annotation.txt,matched,UAV123/person10,,
284,dataset5/person11,dataset5,person11,aic,unscored,0,0,0,0,dataset5__person11,,,,0,C:\Users\yousif\Documents\AIC Data\aic-data\dataset5\person11\person11_30.mp4,C:\Users\yousif\Documents\AIC Data\aic-data\dataset5\person11\annotation.txt,matched,UAV123/person11,,
285,dataset5/person12_1,dataset5,person12_1,aic,unscored,0,0,0,0,dataset5__person12_1,,,,0,C:\Users\yousif\Documents\AIC Data\aic-data\dataset5\person12_1\person12_1_30.mp4,C:\Users\yousif\Documents\AIC Data\aic-data\dataset5\person12_1\annotation.txt,matched,UAV123/person12_1,,
286,dataset5/person12_2,dataset5,person12_2,aic,unscored,0,0,0,0,dataset5__person12_2,,,,0,C:\Users\yousif\Documents\AIC Data\aic-data\dataset5\person12_2\person12_2_30.mp4,C:\Users\yousif\Documents\AIC Data\aic-data\dataset5\person12_2\annotation.txt,matched,UAV123/person12_2,,
287,dataset5/person13,dataset5,person13,aic,unscored,0,0,0,0,dataset5__person13,,,,0,C:\Users\yousif\Documents\AIC Data\aic-data\dataset5\person13\person13_30.mp4,C:\Users\yousif\Documents\AIC Data\aic-data\dataset5\person13\annotation.txt,matched,UAV123/person13,,
288,dataset5/person14_1,dataset5,person14_1,aic,unscored,0,0,0,0,dataset5__person14_1,,,,0,C:\Users\yousif\Documents\AIC Data\aic-data\dataset5\person14_1\person14_1_96.mp4,C:\Users\yousif\Documents\AIC Data\aic-data\dataset5\person14_1\annotation.txt,matched,UAV123/person14_1,,
289,dataset5/person14_2,dataset5,person14_2,aic,unscored,0,0,0,0,dataset5__person14_2,,,,0,C:\Users\yousif\Documents\AIC Data\aic-data\dataset5\person14_2\person14_2_96.mp4,C:\Users\yousif\Documents\AIC Data\aic-data\dataset5\person14_2\annotation.txt,matched,UAV123/person14_2,,
290,dataset5/person14_3,dataset5,person14_3,aic,unscored,0,0,0,0,dataset5__person14_3,,,,0,C:\Users\yousif\Documents\AIC Data\aic-data\dataset5\person14_3\person14_3_96.mp4,C:\Users\yousif\Documents\AIC Data\aic-data\dataset5\person14_3\annotation.txt,matched,UAV123/person14_3,,
291,dataset5/person15,dataset5,person15,local,scored,1339,1339,1339,1339,dataset5__person15,0.8530175326291828,0.9376933745865785,0.8868878694121411,0,C:\Users\yousif\Documents\AIC Data\aic-data\dataset5\person15\person15_96.mp4,C:\Users\yousif\Documents\AIC Data\our-data\UAV123\anno\UAV123\person15.txt,matched,UAV123/person15,,
292,dataset5/person16,dataset5,person16,local,scored,1147,1038,1038,1147,dataset5__person16,0.8118175979447655,0.8692540600055052,0.8347921827690614,110,C:\Users\yousif\Documents\AIC Data\aic-data\dataset5\person16\person16_96.mp4,C:\Users\yousif\Documents\AIC Data\our-data\UAV123\anno\UAV123\person16.txt,matched,UAV123/person16,,
293,dataset5/person17_1,dataset5,person17_1,aic,unscored,0,0,0,0,dataset5__person17_1,,,,0,C:\Users\yousif\Documents\AIC Data\aic-data\dataset5\person17_1\person17_1_96.mp4,C:\Users\yousif\Documents\AIC Data\aic-data\dataset5\person17_1\annotation.txt,matched,UAV123/person17_1,,
294,dataset5/person17_2,dataset5,person17_2,aic,unscored,0,0,0,0,dataset5__person17_2,,,,0,C:\Users\yousif\Documents\AIC Data\aic-data\dataset5\person17_2\person17_2_96.mp4,C:\Users\yousif\Documents\AIC Data\aic-data\dataset5\person17_2\annotation.txt,matched,UAV123/person17_2,,
295,dataset5/person18,dataset5,person18,aic,unscored,0,0,0,0,dataset5__person18,,,,0,C:\Users\yousif\Documents\AIC Data\aic-data\dataset5\person18\person18_96.mp4,C:\Users\yousif\Documents\AIC Data\aic-data\dataset5\person18\annotation.txt,matched,UAV123/person18,,
296,dataset5/person19_1,dataset5,person19_1,local,scored,1243,1148,1148,1243,dataset5__person19_1,0.8864692218350756,0.9399369503899122,0.9078563132570103,59,C:\Users\yousif\Documents\AIC Data\aic-data\dataset5\person19_1\person19_1_96.mp4,C:\Users\yousif\Documents\AIC Data\our-data\UAV123\anno\UAV123\person19_1.txt,matched,UAV123/person19_1,,
297,dataset5/person19_2,dataset5,person19_2,local,scored,1549,1469,1469,1549,dataset5__person19_2,0.8870627897176571,0.9456708483257155,0.9105060131608804,74,C:\Users\yousif\Documents\AIC Data\aic-data\dataset5\person19_2\person19_2_96.mp4,C:\Users\yousif\Documents\AIC Data\our-data\UAV123\anno\UAV123\person19_2.txt,matched,UAV123/person19_2,,
298,dataset5/person19_3,dataset5,person19_3,local,scored,1567,1391,1391,1567,dataset5__person19_3,0.6126801547362295,0.7330800041080415,0.6608400944849543,331,C:\Users\yousif\Documents\AIC Data\aic-data\dataset5\person19_3\person19_3_96.mp4,C:\Users\yousif\Documents\AIC Data\our-data\UAV123\anno\UAV123\person19_3.txt,matched,UAV123/person19_3,,
299,dataset5/person1_s,dataset5,person1_s,aic,unscored,0,0,0,0,dataset5__person1_s,,,,0,C:\Users\yousif\Documents\AIC Data\aic-data\dataset5\person1_s\person1_s_30.mp4,C:\Users\yousif\Documents\AIC Data\aic-data\dataset5\person1_s\annotation.txt,matched,UAV123/person1_s,,
300,dataset5/person20,dataset5,person20,local,scored,1783,1783,1783,1783,dataset5__person20,0.7872766605239967,0.9314691664663621,0.8449536629009429,0,C:\Users\yousif\Documents\AIC Data\aic-data\dataset5\person20\person20_96.mp4,C:\Users\yousif\Documents\AIC Data\our-data\UAV123\anno\UAV20L\person20.txt,matched,UAV20L/person20,,
301,dataset5/person21,dataset5,person21,aic,unscored,0,0,0,0,dataset5__person21,,,,0,C:\Users\yousif\Documents\AIC Data\aic-data\dataset5\person21\person21_30.mp4,C:\Users\yousif\Documents\AIC Data\aic-data\dataset5\person21\annotation.txt,matched,UAV123/person21,,
302,dataset5/person22,dataset5,person22,aic,unscored,0,0,0,0,dataset5__person22,,,,0,C:\Users\yousif\Documents\AIC Data\aic-data\dataset5\person22\person22_30.mp4,C:\Users\yousif\Documents\AIC Data\aic-data\dataset5\person22\annotation.txt,matched,UAV123/person22,,
303,dataset5/person23,dataset5,person23,aic,unscored,0,0,0,0,dataset5__person23,,,,0,C:\Users\yousif\Documents\AIC Data\aic-data\dataset5\person23\person23_30.mp4,C:\Users\yousif\Documents\AIC Data\aic-data\dataset5\person23\annotation.txt,matched,UAV123/person23,,
304,dataset5/person2_1,dataset5,person2_1,aic,unscored,0,0,0,0,dataset5__person2_1,,,,0,C:\Users\yousif\Documents\AIC Data\aic-data\dataset5\person2_1\person2_1_30.mp4,C:\Users\yousif\Documents\AIC Data\aic-data\dataset5\person2_1\annotation.txt,matched,UAV123/person2_1,,
305,dataset5/person2_2,dataset5,person2_2,aic,unscored,0,0,0,0,dataset5__person2_2,,,,0,C:\Users\yousif\Documents\AIC Data\aic-data\dataset5\person2_2\person2_2_30.mp4,C:\Users\yousif\Documents\AIC Data\aic-data\dataset5\person2_2\annotation.txt,matched,UAV123/person2_2,,
306,dataset5/person2_s,dataset5,person2_s,aic,unscored,0,0,0,0,dataset5__person2_s,,,,0,C:\Users\yousif\Documents\AIC Data\aic-data\dataset5\person2_s\person2_s_30.mp4,C:\Users\yousif\Documents\AIC Data\aic-data\dataset5\person2_s\annotation.txt,matched,UAV123/person2_s,,
307,dataset5/person3,dataset5,person3,aic,unscored,0,0,0,0,dataset5__person3,,,,0,C:\Users\yousif\Documents\AIC Data\aic-data\dataset5\person3\person3_30.mp4,C:\Users\yousif\Documents\AIC Data\aic-data\dataset5\person3\annotation.txt,matched,UAV123/person3,,
308,dataset5/person3_s,dataset5,person3_s,local,scored,505,505,505,505,dataset5__person3_s,0.7763319189061763,0.8791136256482791,0.8174446016030175,0,C:\Users\yousif\Documents\AIC Data\aic-data\dataset5\person3_s\person3_s_30.mp4,C:\Users\yousif\Documents\AIC Data\our-data\UAV123\anno\UAV123\person3_s.txt,matched,UAV123/person3_s,,
309,dataset5/person4_1,dataset5,person4_1,local,scored,1501,1501,1501,1501,dataset5__person4_1,0.7642206782779736,0.8958789378509566,0.8168839821071667,0,C:\Users\yousif\Documents\AIC Data\aic-data\dataset5\person4_1\person4_1_30.mp4,C:\Users\yousif\Documents\AIC Data\our-data\UAV123\anno\UAV123\person4_1.txt,matched,UAV123/person4_1,,
310,dataset5/person4_2,dataset5,person4_2,local,scored,1243,1243,1243,1243,dataset5__person4_2,0.8666436808029732,0.9463280082749108,0.8985174117917483,0,C:\Users\yousif\Documents\AIC Data\aic-data\dataset5\person4_2\person4_2_30.mp4,C:\Users\yousif\Documents\AIC Data\our-data\UAV123\anno\UAV123\person4_2.txt,matched,UAV123/person4_2,,
311,dataset5/person5_1,dataset5,person5_1,local,scored,877,877,877,877,dataset5__person5_1,0.8696313188901558,0.9460824238475322,0.9002117608731064,0,C:\Users\yousif\Documents\AIC Data\aic-data\dataset5\person5_1\person5_1_30.mp4,C:\Users\yousif\Documents\AIC Data\our-data\UAV123\anno\UAV123\person5_1.txt,matched,UAV123/person5_1,,
312,dataset5/person5_2,dataset5,person5_2,local,scored,1225,1225,1225,1225,dataset5__person5_2,0.8645675413022351,0.9406025267249757,0.8949815354713313,0,C:\Users\yousif\Documents\AIC Data\aic-data\dataset5\person5_2\person5_2_30.mp4,C:\Users\yousif\Documents\AIC Data\our-data\UAV123\anno\UAV123\person5_2.txt,matched,UAV123/person5_2,,
313,dataset5/person6,dataset5,person6,local,scored,901,901,901,901,dataset5__person6,0.8687172982400507,0.9427620104645632,0.8983351831298558,0,C:\Users\yousif\Documents\AIC Data\aic-data\dataset5\person6\person6_30.mp4,C:\Users\yousif\Documents\AIC Data\our-data\UAV123\anno\UAV123\person6.txt,matched,UAV123/person6,,
314,dataset5/person7_1,dataset5,person7_1,aic,unscored,0,0,0,0,dataset5__person7_1,,,,0,C:\Users\yousif\Documents\AIC Data\aic-data\dataset5\person7_1\person7_1_30.mp4,C:\Users\yousif\Documents\AIC Data\aic-data\dataset5\person7_1\annotation.txt,matched,UAV123/person7_1,,
315,dataset5/person7_2,dataset5,person7_2,aic,unscored,0,0,0,0,dataset5__person7_2,,,,0,C:\Users\yousif\Documents\AIC Data\aic-data\dataset5\person7_2\person7_2_30.mp4,C:\Users\yousif\Documents\AIC Data\aic-data\dataset5\person7_2\annotation.txt,matched,UAV123/person7_2,,
316,dataset5/person8_1,dataset5,person8_1,aic,unscored,0,0,0,0,dataset5__person8_1,,,,0,C:\Users\yousif\Documents\AIC Data\aic-data\dataset5\person8_1\person8_1_30.mp4,C:\Users\yousif\Documents\AIC Data\aic-data\dataset5\person8_1\annotation.txt,matched,UAV123/person8_1,,
317,dataset5/person8_2,dataset5,person8_2,aic,unscored,0,0,0,0,dataset5__person8_2,,,,0,C:\Users\yousif\Documents\AIC Data\aic-data\dataset5\person8_2\person8_2_30.mp4,C:\Users\yousif\Documents\AIC Data\aic-data\dataset5\person8_2\annotation.txt,matched,UAV123/person8_2,,
318,dataset5/person9,dataset5,person9,aic,unscored,0,0,0,0,dataset5__person9,,,,0,C:\Users\yousif\Documents\AIC Data\aic-data\dataset5\person9\person9_30.mp4,C:\Users\yousif\Documents\AIC Data\aic-data\dataset5\person9\annotation.txt,matched,UAV123/person9,,
319,dataset5/truck1,dataset5,truck1,aic,unscored,0,0,0,0,dataset5__truck1,,,,0,C:\Users\yousif\Documents\AIC Data\aic-data\dataset5\truck1\truck1_30.mp4,C:\Users\yousif\Documents\AIC Data\aic-data\dataset5\truck1\annotation.txt,matched,UAV123/truck1,,
320,dataset5/truck2,dataset5,truck2,aic,unscored,0,0,0,0,dataset5__truck2,,,,0,C:\Users\yousif\Documents\AIC Data\aic-data\dataset5\truck2\truck2_30.mp4,C:\Users\yousif\Documents\AIC Data\aic-data\dataset5\truck2\annotation.txt,matched,UAV123/truck2,,
321,dataset5/truck3,dataset5,truck3,local,scored,535,535,535,535,dataset5__truck3,0.7692923898531373,0.8665776591010237,0.8082064975522919,0,C:\Users\yousif\Documents\AIC Data\aic-data\dataset5\truck3\truck3_30.mp4,C:\Users\yousif\Documents\AIC Data\our-data\UAV123\anno\UAV123\truck3.txt,matched,UAV123/truck3,,
322,dataset5/truck4_1,dataset5,truck4_1,aic,unscored,0,0,0,0,dataset5__truck4_1,,,,0,C:\Users\yousif\Documents\AIC Data\aic-data\dataset5\truck4_1\truck4_1_30.mp4,C:\Users\yousif\Documents\AIC Data\aic-data\dataset5\truck4_1\annotation.txt,matched,UAV123/truck4_1,,
323,dataset5/truck4_2,dataset5,truck4_2,aic,unscored,0,0,0,0,dataset5__truck4_2,,,,0,C:\Users\yousif\Documents\AIC Data\aic-data\dataset5\truck4_2\truck4_2_30.mp4,C:\Users\yousif\Documents\AIC Data\aic-data\dataset5\truck4_2\annotation.txt,matched,UAV123/truck4_2,,
324,dataset5/uav1_1,dataset5,uav1_1,aic,unscored,0,0,0,0,dataset5__uav1_1,,,,0,C:\Users\yousif\Documents\AIC Data\aic-data\dataset5\uav1_1\uav1_1_30.mp4,C:\Users\yousif\Documents\AIC Data\aic-data\dataset5\uav1_1\annotation.txt,matched,UAV123/uav1_1,,
325,dataset5/uav1_2,dataset5,uav1_2,aic,unscored,0,0,0,0,dataset5__uav1_2,,,,0,C:\Users\yousif\Documents\AIC Data\aic-data\dataset5\uav1_2\uav1_2_30.mp4,C:\Users\yousif\Documents\AIC Data\aic-data\dataset5\uav1_2\annotation.txt,matched,UAV123/uav1_2,,
326,dataset5/uav1_3,dataset5,uav1_3,aic,unscored,0,0,0,0,dataset5__uav1_3,,,,0,C:\Users\yousif\Documents\AIC Data\aic-data\dataset5\uav1_3\uav1_3_30.mp4,C:\Users\yousif\Documents\AIC Data\aic-data\dataset5\uav1_3\annotation.txt,matched,UAV123/uav1_3,,
327,dataset5/uav2,dataset5,uav2,local,scored,133,114,114,133,dataset5__uav2,0.12113617376775271,0.08604845446950708,0.10710108604845446,105,C:\Users\yousif\Documents\AIC Data\aic-data\dataset5\uav2\uav2_30.mp4,C:\Users\yousif\Documents\AIC Data\our-data\UAV123\anno\UAV123\uav2.txt,matched,UAV123/uav2,,
328,dataset5/uav3,dataset5,uav3,aic,unscored,0,0,0,0,dataset5__uav3,,,,0,C:\Users\yousif\Documents\AIC Data\aic-data\dataset5\uav3\uav3_30.mp4,C:\Users\yousif\Documents\AIC Data\aic-data\dataset5\uav3\annotation.txt,matched,UAV123/uav3,,
329,dataset5/uav4,dataset5,uav4,aic,unscored,0,0,0,0,dataset5__uav4,,,,0,C:\Users\yousif\Documents\AIC Data\aic-data\dataset5\uav4\uav4_30.mp4,C:\Users\yousif\Documents\AIC Data\aic-data\dataset5\uav4\annotation.txt,matched,UAV123/uav4,,
330,dataset5/uav5,dataset5,uav5,aic,unscored,0,0,0,0,dataset5__uav5,,,,0,C:\Users\yousif\Documents\AIC Data\aic-data\dataset5\uav5\uav5_30.mp4,C:\Users\yousif\Documents\AIC Data\aic-data\dataset5\uav5\annotation.txt,matched,UAV123/uav5,,
331,dataset5/uav6,dataset5,uav6,aic,unscored,0,0,0,0,dataset5__uav6,,,,0,C:\Users\yousif\Documents\AIC Data\aic-data\dataset5\uav6\uav6_30.mp4,C:\Users\yousif\Documents\AIC Data\aic-data\dataset5\uav6\annotation.txt,matched,UAV123/uav6,,
332,dataset5/uav7,dataset5,uav7,local,scored,373,354,354,373,dataset5__uav7,0.2463007801990853,0.2663438256658595,0.254317998385795,239,C:\Users\yousif\Documents\AIC Data\aic-data\dataset5\uav7\uav7_30.mp4,C:\Users\yousif\Documents\AIC Data\our-data\UAV123\anno\UAV123\uav7.txt,matched,UAV123/uav7,,
333,dataset5/uav8,dataset5,uav8,aic,unscored,0,0,0,0,dataset5__uav8,,,,0,C:\Users\yousif\Documents\AIC Data\aic-data\dataset5\uav8\uav8_30.mp4,C:\Users\yousif\Documents\AIC Data\aic-data\dataset5\uav8\annotation.txt,matched,UAV123/uav8,,
334,dataset5/wakeboard1,dataset5,wakeboard1,aic,unscored,0,0,0,0,dataset5__wakeboard1,,,,0,C:\Users\yousif\Documents\AIC Data\aic-data\dataset5\wakeboard1\wakeboard1_96.mp4,C:\Users\yousif\Documents\AIC Data\aic-data\dataset5\wakeboard1\annotation.txt,matched,UAV123/wakeboard1,,
335,dataset5/wakeboard10,dataset5,wakeboard10,local,scored,469,469,469,469,dataset5__wakeboard10,0.6935729515686871,0.8093207432226621,0.7398720682302772,0,C:\Users\yousif\Documents\AIC Data\aic-data\dataset5\wakeboard10\wakeboard10_96.mp4,C:\Users\yousif\Documents\AIC Data\our-data\UAV123\anno\UAV123\wakeboard10.txt,matched,UAV123/wakeboard10,,
336,dataset5/wakeboard2,dataset5,wakeboard2,aic,unscored,0,0,0,0,dataset5__wakeboard2,,,,0,C:\Users\yousif\Documents\AIC Data\aic-data\dataset5\wakeboard2\wakeboard2_96.mp4,C:\Users\yousif\Documents\AIC Data\aic-data\dataset5\wakeboard2\annotation.txt,matched,UAV123/wakeboard2,,
337,dataset5/wakeboard3,dataset5,wakeboard3,aic,unscored,0,0,0,0,dataset5__wakeboard3,,,,0,C:\Users\yousif\Documents\AIC Data\aic-data\dataset5\wakeboard3\wakeboard3_96.mp4,C:\Users\yousif\Documents\AIC Data\aic-data\dataset5\wakeboard3\annotation.txt,matched,UAV123/wakeboard3,,
338,dataset5/wakeboard4,dataset5,wakeboard4,aic,unscored,0,0,0,0,dataset5__wakeboard4,,,,0,C:\Users\yousif\Documents\AIC Data\aic-data\dataset5\wakeboard4\wakeboard4_96.mp4,C:\Users\yousif\Documents\AIC Data\aic-data\dataset5\wakeboard4\annotation.txt,matched,UAV123/wakeboard4,,
339,dataset5/wakeboard5,dataset5,wakeboard5,aic,unscored,0,0,0,0,dataset5__wakeboard5,,,,0,C:\Users\yousif\Documents\AIC Data\aic-data\dataset5\wakeboard5\wakeboard5_96.mp4,C:\Users\yousif\Documents\AIC Data\aic-data\dataset5\wakeboard5\annotation.txt,matched,UAV123/wakeboard5,,
340,dataset5/wakeboard6,dataset5,wakeboard6,local,scored,1165,1165,1165,1165,dataset5__wakeboard6,0.8485182914367462,0.9199264255058246,0.8770815450643776,0,C:\Users\yousif\Documents\AIC Data\aic-data\dataset5\wakeboard6\wakeboard6_96.mp4,C:\Users\yousif\Documents\AIC Data\our-data\UAV123\anno\UAV123\wakeboard6.txt,matched,UAV123/wakeboard6,,
341,dataset5/wakeboard7,dataset5,wakeboard7,local,scored,199,199,199,199,dataset5__wakeboard7,0.8444603972242162,0.9167264895908112,0.8733668341708541,0,C:\Users\yousif\Documents\AIC Data\aic-data\dataset5\wakeboard7\wakeboard7_96.mp4,C:\Users\yousif\Documents\AIC Data\our-data\UAV123\anno\UAV123\wakeboard7.txt,matched,UAV123/wakeboard7,,
342,dataset5/wakeboard8,dataset5,wakeboard8,aic,unscored,0,0,0,0,dataset5__wakeboard8,,,,0,C:\Users\yousif\Documents\AIC Data\aic-data\dataset5\wakeboard8\wakeboard8_96.mp4,C:\Users\yousif\Documents\AIC Data\aic-data\dataset5\wakeboard8\annotation.txt,matched,UAV123/wakeboard8,,
343,dataset5/wakeboard9,dataset5,wakeboard9,aic,unscored,0,0,0,0,dataset5__wakeboard9,,,,0,C:\Users\yousif\Documents\AIC Data\aic-data\dataset5\wakeboard9\wakeboard9_96.mp4,C:\Users\yousif\Documents\AIC Data\aic-data\dataset5\wakeboard9\annotation.txt,matched,UAV123/wakeboard9,,
