dataset,sequence_id,category,num_frames,priority,pick_rank,num_frames,median_area_ratio,min_area_ratio,max_area_ratio,scale_variation,aspect_ratio_variation,center_motion,normalized_motion,small_object,fast_motion,occlusion
localvids,dataset4__bird1,bird,2437,0.91007,0,2437.0,,,,0.22597,0.46858,15.77336,0.42659,,0.86601,
localvids,dataset5__car1_s,car1_s,1475,0.81411,1,1475.0,0.00339,0.00077,0.06738,0.72203,0.17879,5.21832,0.08657,0.94182,0.28196,
localvids,dataset5__bird1_3,bird1,865,0.86817,2,865.0,0.00181,0.00017,0.0051,0.21383,0.40908,17.28933,0.47188,0.95751,0.98401,
localvids,dataset1__motorcycle,motorcycle,801,0.78341,3,801.0,0.00425,0.00049,0.08233,0.59176,0.3996,4.67809,0.09595,0.93484,0.24575,
localvids,dataset2__SkateBoarding4,SkateBoarding,201,0.77686,4,201.0,0.0025,0.00072,0.00703,0.30459,0.26236,8.46385,0.21165,0.95,0.7824,
localvids,dataset1__plane,plane,358,0.76071,5,358.0,0.01023,0.00011,0.1671,0.6283,0.43952,1.99624,0.04524,0.89888,0.25132,
localvids,dataset5__uav1_3,uav1,997,0.83872,6,997.0,0.00083,0.00014,0.00354,0.36036,0.28258,3.89501,0.26948,0.97113,0.73598,
localvids,dataset3__basketball_player1_1-n,basketball_player1_1-n,312,0.75233,7,312.0,0.00024,0.00011,0.00036,0.10831,0.37349,4.52753,0.32274,0.98451,0.72333,
localvids,dataset2__ChasingDrones,ChasingDrones,212,0.75194,8,212.0,0.00171,0.00059,0.00311,0.18592,0.16832,12.48342,0.35044,0.95866,0.91534,
localvids,dataset5__uav5,uav,139,1.0,9,139.0,0.00068,0.00031,0.02639,0.75824,0.04637,5.54107,0.32521,0.97398,1.12691,
localvids,dataset3__basketball_player2,basketball_player,1302,0.82193,10,1302.0,0.00011,1e-05,0.00024,0.16142,0.42558,2.55494,0.25605,0.98938,0.70449,
localvids,dataset3__car9_1,car9,1745,0.72815,11,1745.0,0.00107,0.00029,0.00586,0.40187,0.34257,1.65013,0.04817,0.96724,0.12199,
localvids,dataset3__truck_night,truck_night,1032,0.72177,12,1032.0,0.00306,0.00013,0.01031,0.45786,0.41903,2.47106,0.04453,0.94468,0.11853,
localvids,dataset3__basketball_player1_2-n,basketball_player1_2-n,1567,0.71378,13,1567.0,0.0006,0.00017,0.00163,0.21914,0.34755,2.6308,0.11479,0.97546,0.31183,
localvids,dataset3__duck1_2,duck1,1551,0.73058,14,1551.0,0.00046,4e-05,0.00079,0.16234,0.34074,3.36755,0.16864,0.97865,0.45011,
localvids,dataset3__uav3_2,uav3,1208,0.70687,15,1208.0,0.00047,0.00014,0.00102,0.19773,0.18405,3.46862,0.17097,0.97827,0.51626,
localvids,dataset3__bell_tower,bell_tower,2061,0.69305,16,2061.0,0.00836,0.00396,0.02374,0.3048,0.56948,1.8037,0.01747,0.90859,0.05121,
localvids,dataset5__car4_s,car4_s,830,0.69167,17,830.0,0.00826,0.00178,0.0825,0.57642,0.20456,4.76511,0.05851,0.90912,0.19966,
localvids,dataset2__BMX3,BMX,121,0.73003,18,121.0,0.00779,0.00321,0.0631,0.52317,0.53911,10.25454,0.09364,0.91172,0.17479,
localvids,dataset3__car1-n,car1-n,1291,0.67253,19,1291.0,0.00122,0.0006,0.00326,0.15895,0.37355,2.93212,0.08555,0.96514,0.28819,
localvids,dataset3__bike4_1,bike4,686,0.69154,20,686.0,0.00032,4e-05,0.00062,0.14718,0.4551,2.43914,0.18488,0.98199,0.32241,
localvids,dataset2__Basketball,Basketball,427,0.66132,21,427.0,0.00095,0.00047,0.00129,0.07731,0.13602,3.4506,0.1222,0.9691,0.69751,
localvids,dataset3__group1,group,1321,0.93183,22,1321.0,0.00173,7e-05,0.17131,0.93018,0.37753,4.91362,0.08086,0.95836,0.20342,
localvids,dataset2__Sheep1,Sheep,391,0.65986,23,391.0,0.00315,0.00111,0.00931,0.29132,0.35743,4.90212,0.0999,0.94387,0.26925,
localvids,dataset3__car5,car,2625,0.94143,24,2625.0,0.00096,0.00016,0.03717,0.83102,0.44444,1.29655,0.03558,0.96906,0.0948,
localvids,dataset2__StreetBasketball1,StreetBasketball,241,0.79586,25,241.0,0.00095,0.00055,0.0013,0.08994,0.12828,10.50842,0.36054,0.9691,1.21009,
localvids,dataset3__group4_1,group4,299,0.67557,26,299.0,0.01041,0.00104,0.05859,0.39042,0.17429,31.86722,0.24172,0.89798,0.53414,
localvids,dataset2__Gull1,Gull,120,0.65531,27,120.0,0.0025,0.00132,0.00626,0.17265,0.28538,10.14818,0.19528,0.94995,0.50301,
localvids,dataset3__football_player2_2,football_player2,1173,0.67198,28,1173.0,0.00033,0.00012,0.00075,0.10808,0.28511,2.63856,0.14586,0.98172,0.40458,
localvids,dataset5__person7_1,person7,1249,0.63088,29,1249.0,0.0056,0.00218,0.01564,0.15765,0.37752,7.22564,0.09726,0.92517,0.26894,
localvids,dataset3__sand_truck-n,sand_truck-n,829,0.61954,30,829.0,0.00559,0.00291,0.01234,0.19033,0.51206,2.53802,0.035,0.92524,0.10773,
localvids,dataset4__bike1,bike,3085,0.78203,31,3085.0,,,,0.53469,0.28216,2.53699,0.02815,,0.06438,
localvids,dataset3__football_player1_2,football_player1,1202,0.74592,32,1202.0,0.00044,0.0001,0.00146,0.26518,0.32273,3.03281,0.15937,0.97909,0.4301,
localvids,dataset3__car2-n,car2-n,489,0.61122,33,489.0,0.00137,0.00059,0.00315,0.22202,0.23827,3.33536,0.09118,0.96302,0.22535,
localvids,dataset2__Walking,Walking,395,0.6104,34,395.0,0.00276,0.0007,0.00444,0.28887,0.09506,3.19517,0.0703,0.94742,0.33531,
localvids,dataset2__Skiing2,Skiing,178,0.62762,35,178.0,0.00526,0.00114,0.01357,0.33098,0.32862,6.00226,0.10183,0.92745,0.20718,
localvids,dataset5__car1_3,car1,1003,0.65974,36,1003.0,0.0018,0.00069,0.00395,0.22206,0.52752,2.25761,0.06063,0.95761,0.06762,
localvids,dataset3__tricycle1_1,tricycle1,1102,0.60835,37,1102.0,0.00211,0.00012,0.00363,0.18073,0.28777,2.3794,0.05983,0.95407,0.16781,
localvids,dataset5__wakeboard5,wakeboard,1675,0.89892,38,1675.0,0.00217,1e-05,0.0121,0.71536,0.40881,3.12871,0.12927,0.95344,0.3129,
localvids,dataset3__dark_car2-n,dark_car2-n,939,0.59951,39,939.0,0.00082,0.00013,0.00174,0.20077,0.25347,1.58818,0.07632,0.97136,0.10719,
localvids,dataset2__Girl1,Girl,218,0.63703,40,218.0,0.00249,0.00128,0.00322,0.09136,0.12114,5.8148,0.12055,0.95009,0.69414,
localvids,dataset3__basketball_player2-n,basketball_player2-n,1225,0.59298,41,1225.0,0.0012,0.00059,0.00255,0.13126,0.26442,2.04823,0.05976,0.96539,0.14777,
localvids,dataset3__bus2-n,bus2-n,716,0.59161,42,716.0,0.01147,0.00512,0.01854,0.19536,0.57558,1.74556,0.0188,0.89291,0.05676,
localvids,dataset5__person1_s,person1_s,1600,0.59154,43,1600.0,0.00788,0.00123,0.0276,0.20103,0.17104,9.11399,0.11078,0.91125,0.26428,
localvids,dataset2__Wakeboarding2,Wakeboarding,76,0.78801,44,76.0,0.00113,0.0005,0.0035,0.29976,0.49435,10.1772,0.30227,0.96634,0.56614,
localvids,dataset2__Animal1,Animal,147,0.67755,45,147.0,0.00189,0.00026,0.00509,0.41486,0.2064,4.51014,0.12851,0.95656,0.30554,
localvids,dataset5__car16_1,car16,415,0.8598,46,415.0,0.00516,0.00037,0.26183,1.10867,0.20599,3.83351,0.03795,0.92819,0.08461,
localvids,dataset3__runner2,runner,147,0.71568,47,147.0,0.00083,0.00022,0.00943,0.59498,0.19096,7.62229,0.11667,0.97116,0.167,
localvids,dataset1__volleyball,volleyball,2088,0.58417,48,2088.0,0.00138,0.00073,0.00238,0.09644,0.26292,2.265,0.021,0.96281,0.05431,
localvids,dataset2__Car2,Car,74,0.8663,49,74.0,0.00071,0.00053,0.00088,0.05332,0.13905,15.87377,0.64125,0.97344,1.51849,
localvids,dataset5__truck4_2,truck4,685,0.59775,50,685.0,0.00098,0.00016,0.00292,0.36225,0.09307,1.38979,0.04203,0.9687,0.08056,
localvids,dataset5__car2_s,car2_s,320,0.56964,51,320.0,0.00642,0.00322,0.01214,0.1446,0.12204,9.79584,0.13512,0.91985,0.4565,
localvids,dataset3__duck3,duck,901,0.72724,52,901.0,0.00029,0.00011,0.00057,0.21486,0.28278,2.73394,0.17896,0.98307,0.49758,
localvids,dataset2__Yacht2,Yacht,239,0.58631,53,239.0,0.00167,0.00091,0.00945,0.37026,0.09739,2.176,0.04831,0.95916,0.11559,
localvids,dataset2__RcCar3,RcCar,202,0.78305,54,202.0,0.00182,0.00033,0.00858,0.38533,0.24282,17.68267,0.38179,0.95729,0.68983,
localvids,dataset3__basketball_player3-n,basketball_player3-n,732,0.56171,55,732.0,0.00142,0.00074,0.00234,0.11176,0.26891,2.34482,0.06356,0.96228,0.13254,
localvids,dataset2__Paragliding5,Paragliding,220,0.57431,56,220.0,0.00254,0.00131,0.00338,0.10052,0.11082,8.64104,0.1816,0.94956,0.46163,
localvids,dataset3__dark_car1-n,dark_car1-n,577,0.55663,57,577.0,0.00208,0.00112,0.00329,0.11305,0.33348,1.84937,0.04286,0.95436,0.09588,
localvids,dataset3__air_conditioning_box2,air_conditioning_box,1847,0.71579,58,1847.0,0.00026,0.0001,0.00103,0.20691,0.33031,1.8952,0.11286,0.98393,0.28674,
localvids,dataset1__horse_4,horse,235,0.66237,59,235.0,0.00361,0.00107,0.00604,0.22834,0.6813,6.28595,0.03927,0.93993,0.0812,
localvids,dataset3__swan,swan,300,0.55403,60,300.0,0.00154,0.0012,0.00176,0.04134,0.39974,2.5557,0.046,0.96069,0.13676,
localvids,dataset2__ManRunning2,ManRunning,260,0.57292,61,260.0,0.00872,0.00534,0.02621,0.19449,0.15762,12.12262,0.1176,0.9066,0.41699,
localvids,dataset3__car6_1,car6,1920,0.65806,62,1920.0,0.00057,7e-05,0.00135,0.2182,0.27868,1.1112,0.04873,0.97613,0.12433,
localvids,dataset3__basketball_player4-n,basketball_player4-n,408,0.54559,63,408.0,0.00161,0.00096,0.00365,0.12386,0.22654,3.06634,0.07782,0.95988,0.15042,
localvids,dataset5__group1_3,group1,1411,0.58206,64,1411.0,0.00232,0.00029,0.00358,0.15074,0.21809,2.6603,0.06331,0.95188,0.14492,
localvids,dataset3__pot_bunker,pot_bunker,1383,0.54232,65,1383.0,0.00883,0.00271,0.01667,0.20416,0.19782,2.2567,0.02654,0.90604,0.09886,
localvids,dataset2__SnowBoarding4,SnowBoarding,109,0.74216,66,109.0,0.00231,0.00057,0.04849,0.67984,0.25629,4.22937,0.06618,0.95195,0.15255,
localvids,dataset2__Surfing12,Surfing,135,0.75088,67,135.0,0.00292,0.00107,0.00479,0.20419,0.77355,9.10616,0.18034,0.94599,0.34442,
localvids,dataset2__Kiting,Kiting,129,0.53105,68,129.0,0.0017,0.00129,0.00232,0.07158,0.28705,3.68824,0.09277,0.9588,0.1508,
localvids,dataset3__building1_2,building1,1036,0.6166,69,1036.0,0.01007,0.00498,0.03973,0.31201,0.40606,3.30936,0.03143,0.89964,0.08965,
localvids,dataset5__person17_2,person17,847,0.5422,70,847.0,0.00239,0.00172,0.00932,0.19462,0.13072,2.09372,0.03977,0.9511,0.10346,
localvids,dataset3__courier1,courier,703,0.64582,71,703.0,0.00118,0.00055,0.00307,0.22946,0.3932,2.76304,0.07988,0.96558,0.15304,
localvids,dataset5__person14_3,person14,1111,0.54336,72,1111.0,0.00143,0.00085,0.00251,0.1049,0.13465,2.10302,0.05583,0.96215,0.1543,
localvids,dataset3__tennis_player1_1,tennis_player1,850,0.65176,73,850.0,0.00054,0.00023,0.00191,0.26801,0.23293,1.68385,0.07141,0.97685,0.22242,
localvids,dataset5__car8_1,car8,1357,0.55312,74,1357.0,0.02447,0.0043,0.04686,0.31802,0.33983,2.47062,0.02026,0.84358,0.05148,
localvids,dataset5__group3_2,group3,1261,0.62695,75,1261.0,0.00133,0.00021,0.00219,0.20454,0.32436,1.18622,0.04162,0.96359,0.11494,
localvids,dataset3__motor1,motor,57,0.62865,76,57.0,0.00204,0.00095,0.01915,0.50669,0.06446,8.8097,0.09302,0.95478,0.15673,
localvids,dataset5__truck1,truck,463,0.64878,77,463.0,0.01847,0.0098,0.34008,0.698,0.23835,3.38281,0.01847,0.8641,0.03946,
localvids,dataset5__person8_2,person8,451,0.52344,78,451.0,0.01174,0.00542,0.04349,0.28332,0.23438,4.04786,0.03475,0.89163,0.06008,
localvids,dataset3__tree,tree,520,0.49865,79,520.0,0.00406,0.00308,0.00969,0.14451,0.05795,3.4152,0.05603,0.93625,0.17627,
localvids,dataset3__hiker2,hiker,420,0.50593,80,420.0,0.00546,0.00314,0.01425,0.17223,0.20958,3.55204,0.0319,0.92609,0.06339,
localvids,dataset5__person2_2,person2,1435,0.50071,81,1435.0,0.00398,0.00293,0.00807,0.08942,0.12602,1.84724,0.02959,0.93688,0.06473,
localvids,dataset2__SUP5,SUP,222,0.60216,82,222.0,0.00482,0.00125,0.01602,0.32444,0.2338,6.61816,0.09258,0.93059,0.19887,
localvids,dataset5__boat9,boat,1399,0.80248,83,1399.0,0.00064,0.00026,0.02686,0.64529,0.33586,1.17168,0.03878,0.97466,0.09288,
localvids,dataset2__SpeedCar4,SpeedCar,164,0.5861,84,164.0,0.00272,0.00176,0.00382,0.10009,0.44948,5.35357,0.10623,0.94783,0.18668,
localvids,dataset3__jogging1,jogging,324,0.57738,85,324.0,0.00025,0.00016,0.00041,0.09655,0.18149,2.32466,0.1548,0.98427,0.28107,
localvids,dataset2__MountainBike6,MountainBike,81,0.54927,86,81.0,0.00328,0.00203,0.0048,0.11401,0.26687,4.04498,0.07637,0.94272,0.23902,
localvids,dataset5__person12_2,person12,1021,0.52209,87,1021.0,0.00308,0.00062,0.00389,0.11014,0.16708,2.58645,0.05219,0.94451,0.1069,
localvids,dataset2__Vaulting,Vaulting,171,0.4769,88,171.0,0.0326,0.01635,0.0615,0.15234,0.48153,7.91861,0.04657,0.81944,0.09989,
localvids,dataset1__surfer,surfer,150,0.58045,89,150.0,0.00021,0.00015,0.00033,0.07628,0.15192,5.87839,0.20911,0.98551,0.36903,
localvids,dataset2__Horse2,Horse,126,0.58227,90,126.0,0.00219,0.00146,0.00357,0.11802,0.32687,4.92577,0.1077,0.9532,0.25596,
localvids,dataset3__tower_crane,tower_crane,866,0.47088,91,866.0,0.00312,0.00231,0.00384,0.0476,0.1513,1.04055,0.01967,0.94415,0.04146,
localvids,dataset5__person21,person,487,0.73502,92,487.0,0.00022,6e-05,0.00207,0.50583,0.24521,1.76263,0.10483,0.98501,0.21517,
localvids,dataset2__Soccer2,Soccer,233,0.55579,93,233.0,0.00054,0.0003,0.00095,0.13724,0.18143,1.78198,0.07833,0.97682,0.18257,
localvids,dataset3__island,island,1969,0.45838,94,1969.0,0.10382,0.01113,0.20393,0.40117,0.36336,2.32098,0.00957,0.67779,0.02343,
localvids,dataset2__Zebra,Zebra,177,0.44777,95,177.0,0.00406,0.00285,0.00529,0.05111,0.12411,2.24515,0.03666,0.9363,0.09836,
localvids,dataset5__building3,building,829,0.51706,96,829.0,0.00061,0.00047,0.00113,0.08469,0.08044,1.57901,0.06632,0.97535,0.13363,
localvids,dataset3__car7_3,car7,1596,0.59971,97,1596.0,0.00258,0.00144,0.00451,0.12575,0.28968,2.134,0.04469,0.94921,0.15736,
localvids,dataset3__human3,human,143,0.74182,98,143.0,0.00235,0.00089,0.02646,0.4968,0.26947,18.28383,0.20592,0.95153,0.38576,
localvids,dataset3__parterre1,parterre,2400,0.49116,99,2400.0,0.00916,0.00242,0.01209,0.1125,0.08076,0.73274,0.00825,0.90429,0.01641,
localvids,dataset2__Motor2,Motor,68,0.47433,100,68.0,0.02299,0.00646,0.04008,0.18861,0.29327,11.57601,0.07899,0.84836,0.14498,
localvids,dataset5__person2_s,person2_s,250,0.42179,101,250.0,0.01224,0.00703,0.02131,0.15269,0.05289,4.01395,0.03816,0.88937,0.07684,
localvids,dataset2__RaceCar,RaceCar,80,0.44239,102,80.0,0.08998,0.00911,0.31545,0.43949,0.31832,13.59312,0.05549,0.70005,0.14278,
localvids,dataset3__electric_box,electric_box,1,0.40758,103,1.0,0.00017,0.00017,0.00017,0.0,0.0,0.0,0.0,0.98699,0.0,
localvids,dataset3__couple,couple,1,0.40642,104,1.0,0.00021,0.00021,0.00021,0.0,0.0,0.0,0.0,0.98568,0.0,
localvids,dataset3__bike9_2,bike9,321,0.60171,105,321.0,0.00478,0.00226,0.03444,0.3825,0.29587,2.68903,0.02346,0.93088,0.0422,
localvids,dataset1__basketball_3,basketball,1,0.40387,106,1.0,0.0003,0.0003,0.0003,0.0,0.0,0.0,0.0,0.98281,0.0,
localvids,dataset5__group2_3,group2,1,0.38728,107,1.0,0.00129,0.00129,0.00129,0.0,0.0,0.0,0.0,0.9641,0.0,
localvids,dataset1__cows,cows,1,0.38365,108,1.0,0.0016,0.0016,0.0016,0.0,0.0,0.0,0.0,0.96,0.0,
localvids,dataset1__sheeps_2,sheeps,1,0.38223,109,1.0,0.00173,0.00173,0.00173,0.0,0.0,0.0,0.0,0.9584,0.0,
localvids,dataset3__excavator,excavator,1,0.38178,110,1.0,0.00177,0.00177,0.00177,0.0,0.0,0.0,0.0,0.95789,0.0,
localvids,dataset3__bus1-n,bus1-n,1,0.38086,111,1.0,0.00186,0.00186,0.00186,0.0,0.0,0.0,0.0,0.95686,0.0,
localvids,dataset3__container,container,474,0.37426,112,474.0,0.03076,0.02349,0.03305,0.05203,0.25655,1.48093,0.00918,0.82461,0.02057,
localvids,dataset1__Car_video_3,Car_video,223,0.43581,113,223.0,0.00193,0.00163,0.00224,0.03167,0.03341,3.75426,0.04289,0.95605,0.09886,
localvids,dataset5__person4_1,person4,1,0.38132,114,1.0,0.00182,0.00182,0.00182,0.0,0.0,0.0,0.0,0.95738,0.0,
localvids,dataset5__person5_2,person5,1,0.35352,115,1.0,0.00547,0.00547,0.00547,0.0,0.0,0.0,0.0,0.92603,0.0,
localvids,dataset3__bike7_2,bike7,1,0.39369,116,1.0,0.00082,0.00082,0.00082,0.0,0.0,0.0,0.0,0.97133,0.0,
localvids,dataset5__person19_3,person19,1,0.38716,117,1.0,0.0013,0.0013,0.0013,0.0,0.0,0.0,0.0,0.96396,0.0,
localvids,dataset5__person3_s,person3_s,1,0.26792,118,1.0,0.02907,0.02907,0.02907,0.0,0.0,0.0,0.0,0.8295,0.0,
localvids,dataset5__car3_s,car3_s,1,0.0,119,1.0,0.22337,0.22337,0.22337,0.0,0.0,0.0,0.0,0.52738,0.0,
localvids,dataset5__bird1_2,bird1,703,0.78678,120,703.0,0.00176,0.00034,0.00475,0.19624,0.51271,11.90367,0.2921,0.95802,0.62644,
localvids,dataset5__uav1_2,uav1,823,0.67417,121,823.0,0.00412,0.00087,0.03369,0.35353,0.34298,3.19881,0.09097,0.93579,0.21815,
localvids,dataset4__uav1,uav,3469,0.94365,122,3469.0,0.00216,0.00014,0.21758,0.58296,0.38659,3.6193,0.14996,0.95348,0.43461,
localvids,dataset3__basketball_player3,basketball_player,1320,0.67441,123,1320.0,0.00164,0.0003,0.00425,0.25353,0.33164,3.04394,0.07777,0.95952,0.22113,
localvids,dataset3__car9_2,car9,1885,0.72646,124,1885.0,0.00205,0.00047,0.00793,0.38369,0.40987,1.52443,0.0362,0.95474,0.09628,
localvids,dataset3__duck1_1,duck1,2175,0.69103,125,2175.0,0.00087,0.00032,0.00186,0.15208,0.38069,2.43037,0.08784,0.97045,0.22007,
localvids,dataset3__uav3_1,uav3,634,0.68002,126,634.0,0.0015,0.00019,0.00237,0.25223,0.20132,4.31665,0.15925,0.96132,0.45991,
localvids,dataset2__BMX5,BMX,277,0.71474,127,277.0,0.00488,0.00115,0.01731,0.32812,0.39405,12.14778,0.17048,0.93012,0.44616,
localvids,dataset3__bike4_2,bike4,1129,0.63259,128,1129.0,0.00026,3e-05,0.00043,0.13159,0.25174,1.82203,0.13944,0.98386,0.2587,
localvids,dataset4__group3,group,5527,0.74961,129,5527.0,0.00129,0.00021,0.0034,0.1563,0.2735,1.23327,0.0373,0.96407,0.0961,
localvids,dataset2__Sheep2,Sheep,251,0.65667,130,251.0,0.00052,0.00024,0.00125,0.23522,0.28612,3.05609,0.1239,0.97718,0.31446,
localvids,dataset5__car13,car,415,0.6723,131,415.0,0.00014,5e-05,0.00021,0.11646,0.15775,3.03599,0.27371,0.98812,0.60246,
localvids,dataset2__StreetBasketball3,StreetBasketball,501,0.51937,132,501.0,0.00538,0.00207,0.01018,0.13973,0.15113,6.45632,0.09106,0.92667,0.20183,
localvids,dataset3__group4_2,group4,175,0.59988,133,175.0,0.01085,0.00289,0.03264,0.23711,0.39014,21.37585,0.13981,0.89582,0.2769,
localvids,dataset2__Gull2,Gull,237,0.60517,134,237.0,0.00155,0.00057,0.0034,0.15693,0.33724,4.3719,0.12127,0.96061,0.23753,
localvids,dataset3__football_player2_1,football_player2,546,0.58686,135,546.0,0.00025,0.00014,0.00042,0.10431,0.14696,1.86775,0.11939,0.98427,0.30884,
localvids,dataset5__person7_2,person7,817,0.62479,136,817.0,0.00698,0.00062,0.01535,0.22198,0.39262,6.54311,0.09054,0.91644,0.23146,
localvids,dataset3__bike1,bike,1,0.35493,137,1.0,0.00524,0.00524,0.00524,0.0,0.0,0.0,0.0,0.92763,0.0,
localvids,dataset3__football_player1_3,football_player1,1,0.3845,138,1.0,0.00152,0.00152,0.00152,0.0,0.0,0.0,0.0,0.96097,0.0,
localvids,dataset2__Skiing1,Skiing,87,0.58645,139,87.0,0.00389,0.0022,0.00656,0.14446,0.3558,6.75488,0.109,0.93764,0.26312,
localvids,dataset5__car1_1,car1,751,0.55689,140,751.0,0.00182,0.00087,0.00678,0.3248,0.0678,0.55132,0.01194,0.95729,0.03405,
localvids,dataset3__tricycle1_2,tricycle1,1113,0.59395,141,1113.0,0.00146,0.00018,0.00219,0.1134,0.26796,2.3634,0.06437,0.96173,0.19974,
localvids,dataset5__wakeboard10,wakeboard,1,0.41035,142,1.0,0.0001,0.0001,0.0001,0.0,0.0,0.0,0.0,0.99012,0.0,
localvids,dataset2__Girl2,Girl,626,0.56175,143,626.0,0.00312,0.00119,0.0049,0.15331,0.1219,3.22679,0.06488,0.94419,0.29386,
localvids,dataset2__Wakeboarding1,Wakeboarding,1,0.39464,144,1.0,0.00076,0.00076,0.00076,0.0,0.0,0.0,0.0,0.9724,0.0,
localvids,dataset2__Animal3,Animal,1,0.37293,145,1.0,0.00271,0.00271,0.00271,0.0,0.0,0.0,0.0,0.94792,0.0,
localvids,dataset5__car16_2,car16,1579,0.73852,146,1579.0,0.00299,0.00043,0.01963,0.52364,0.3173,3.15338,0.05111,0.94533,0.11282,
localvids,dataset3__runner1,runner,333,0.45722,147,333.0,0.01378,0.00601,0.02576,0.14921,0.168,8.43049,0.04898,0.88261,0.11017,
localvids,dataset2__Car6,Car,381,0.67569,148,381.0,0.00378,0.0009,0.02218,0.45481,0.23282,8.40415,0.11969,0.93855,0.24484,
localvids,dataset5__truck4_1,truck4,577,0.55397,149,577.0,0.00014,8e-05,0.0003,0.13464,0.14179,0.75483,0.06293,0.98803,0.13435,
localvids,dataset3__duck2,duck,1,0.41128,150,1.0,8e-05,8e-05,8e-05,0.0,0.0,0.0,0.0,0.99116,0.0,
localvids,dataset2__Yacht4,Yacht,461,0.54787,151,461.0,0.00319,0.00082,0.00529,0.16605,0.26388,2.40006,0.04848,0.94352,0.11065,
localvids,dataset2__RcCar9,RcCar,1,0.37771,152,1.0,0.00218,0.00218,0.00218,0.0,0.0,0.0,0.0,0.95331,0.0,
localvids,dataset2__Paragliding3,Paragliding,211,0.54777,153,211.0,0.00209,0.0009,0.00327,0.14031,0.09025,4.4217,0.11102,0.95427,0.3151,
localvids,dataset3__air_conditioning_box1,air_conditioning_box,1,0.39626,154,1.0,0.00066,0.00066,0.00066,0.0,0.0,0.0,0.0,0.97423,0.0,
localvids,dataset1__horse_6,horse,448,0.44838,155,448.0,0.00878,0.00445,0.01559,0.16132,0.07952,1.80812,0.02524,0.90631,0.0544,
localvids,dataset2__ManRunning1,ManRunning,619,0.52589,156,619.0,0.01513,0.00592,0.04723,0.24773,0.24161,7.61953,0.06241,0.87701,0.13556,
localvids,dataset5__car6_2,car6,1321,0.57987,157,1321.0,0.04021,0.00561,0.18632,0.3969,0.49934,2.21001,0.01142,0.79948,0.03497,
localvids,dataset5__group1_1,group1,1333,0.50165,158,1333.0,0.0034,0.00121,0.00549,0.08761,0.13416,1.42971,0.02567,0.94168,0.06102,
localvids,dataset2__SnowBoarding2,SnowBoarding,1,0.32451,159,1.0,0.01138,0.01138,0.01138,0.0,0.0,0.0,0.0,0.89332,0.0,
localvids,dataset2__Surfing03,Surfing,1,0.3891,160,1.0,0.00115,0.00115,0.00115,0.0,0.0,0.0,0.0,0.96615,0.0,
localvids,dataset3__building1_1,building1,1140,0.44051,161,1140.0,0.01229,0.00745,0.01652,0.07812,0.13353,1.32782,0.01292,0.88915,0.04738,
localvids,dataset5__person17_1,person17,1501,0.50825,162,1501.0,0.00202,0.00078,0.00286,0.07625,0.11823,0.99011,0.02295,0.95504,0.04974,
localvids,dataset3__courier2,courier,1,0.39729,163,1.0,0.00061,0.00061,0.00061,0.0,0.0,0.0,0.0,0.97539,0.0,
localvids,dataset5__person14_2,person14,967,0.49519,164,967.0,0.0014,0.00097,0.00182,0.05264,0.08376,1.57214,0.044,0.96262,0.11624,
localvids,dataset3__tennis_player1_2,tennis_player1,1,0.38329,165,1.0,0.00163,0.00163,0.00163,0.0,0.0,0.0,0.0,0.9596,0.0,
localvids,dataset5__car8_2,car8,1219,0.48055,166,1219.0,0.01442,0.00702,0.04598,0.22589,0.11845,1.15086,0.00998,0.87992,0.02699,
localvids,dataset3__group3_1,group3,1,0.39815,167,1.0,0.00056,0.00056,0.00056,0.0,0.0,0.0,0.0,0.97636,0.0,
localvids,dataset3__motor2,motor,1,0.39756,168,1.0,0.00059,0.00059,0.00059,0.0,0.0,0.0,0.0,0.97569,0.0,
localvids,dataset5__truck3,truck,1,0.39985,169,1.0,0.00047,0.00047,0.00047,0.0,0.0,0.0,0.0,0.97827,0.0,
localvids,dataset5__person8_1,person8,1075,0.47875,170,1075.0,0.01879,0.00263,0.04137,0.15299,0.21566,5.29342,0.04121,0.86294,0.10017,
localvids,dataset3__hiker1,hiker,486,0.48772,171,486.0,0.00647,0.00403,0.0172,0.16208,0.18244,2.76386,0.02308,0.91957,0.04894,
localvids,dataset5__person2_1,person2,1189,0.49111,172,1189.0,0.00371,0.00315,0.00609,0.07488,0.1313,1.92914,0.03182,0.93908,0.07061,
localvids,dataset2__SUP4,SUP,1,0.34152,173,1.0,0.00766,0.00766,0.00766,0.0,0.0,0.0,0.0,0.9125,0.0,
localvids,dataset5__boat8,boat,1,0.40834,174,1.0,0.00015,0.00015,0.00015,0.0,0.0,0.0,0.0,0.98785,0.0,
localvids,dataset2__SpeedCar2,SpeedCar,1,0.39595,175,1.0,0.00068,0.00068,0.00068,0.0,0.0,0.0,0.0,0.97388,0.0,
localvids,dataset3__jogging2,jogging,1,0.39834,176,1.0,0.00055,0.00055,0.00055,0.0,0.0,0.0,0.0,0.97657,0.0,
localvids,dataset2__MountainBike5,MountainBike,1,0.35681,177,1.0,0.00494,0.00494,0.00494,0.0,0.0,0.0,0.0,0.92974,0.0,
localvids,dataset5__person12_1,person12,601,0.43639,178,601.0,0.00361,0.00283,0.00484,0.03203,0.04599,2.32891,0.04018,0.93989,0.08916,
localvids,dataset1__surfer_1,surfer,1,0.36605,179,1.0,0.00358,0.00358,0.00358,0.0,0.0,0.0,0.0,0.94016,0.0,
localvids,dataset2__Horse1,Horse,1,0.36073,180,1.0,0.00433,0.00433,0.00433,0.0,0.0,0.0,0.0,0.93416,0.0,
localvids,dataset4__person14,person,2923,0.6068,181,2923.0,0.00138,0.0002,0.00251,0.09765,0.16042,1.71888,0.04854,0.96279,0.12211,
localvids,dataset2__Soccer1,Soccer,1,0.36855,182,1.0,0.00325,0.00325,0.00325,0.0,0.0,0.0,0.0,0.94297,0.0,
localvids,dataset5__building4,building,1,0.36666,183,1.0,0.0035,0.0035,0.0035,0.0,0.0,0.0,0.0,0.94084,0.0,
localvids,dataset3__car7_2,car7,1,0.37971,184,1.0,0.00197,0.00197,0.00197,0.0,0.0,0.0,0.0,0.95556,0.0,
localvids,dataset3__human,human,1,0.36712,185,1.0,0.00344,0.00344,0.00344,0.0,0.0,0.0,0.0,0.94137,0.0,
localvids,dataset3__parterre2,parterre,1,0.38738,186,1.0,0.00128,0.00128,0.00128,0.0,0.0,0.0,0.0,0.96422,0.0,
localvids,dataset2__Motor1,Motor,1,0.3837,187,1.0,0.0016,0.0016,0.0016,0.0,0.0,0.0,0.0,0.96006,0.0,
localvids,dataset2__RaceCar1,RaceCar,1,0.39196,188,1.0,0.00094,0.00094,0.00094,0.0,0.0,0.0,0.0,0.96938,0.0,
localvids,dataset3__bike9_1,bike9,1,0.20212,189,1.0,0.05988,0.05988,0.05988,0.0,0.0,0.0,0.0,0.7553,0.0,
localvids,dataset1__basketball,basketball,1,0.36261,190,1.0,0.00406,0.00406,0.00406,0.0,0.0,0.0,0.0,0.93628,0.0,
localvids,dataset5__group2_2,group2,1,0.37895,191,1.0,0.00205,0.00205,0.00205,0.0,0.0,0.0,0.0,0.9547,0.0,
localvids,dataset1__sheeps,sheeps,1,0.38221,192,1.0,0.00173,0.00173,0.00173,0.0,0.0,0.0,0.0,0.95838,0.0,
localvids,dataset1__Car_video_2,Car_video,678,0.28646,193,678.0,0.10511,0.01269,0.15269,0.24606,0.09259,3.2612,0.01223,0.67579,0.05079,
localvids,dataset5__person4_2,person4,1,0.30514,194,1.0,0.01652,0.01652,0.01652,0.0,0.0,0.0,0.0,0.87147,0.0,
localvids,dataset5__person5_1,person5,1,0.32489,195,1.0,0.01129,0.01129,0.01129,0.0,0.0,0.0,0.0,0.89375,0.0,
localvids,dataset3__bike7_1,bike7,1,0.28441,196,1.0,0.02308,0.02308,0.02308,0.0,0.0,0.0,0.0,0.84809,0.0,
localvids,dataset5__person19_1,person19,1,0.24225,197,1.0,0.03978,0.03978,0.03978,0.0,0.0,0.0,0.0,0.80055,0.0,
localvids,dataset5__bird1_1,bird1,253,0.74444,198,253.0,0.00152,0.0001,0.00413,0.22798,0.39716,15.85788,0.45961,0.961,0.59217,
localvids,dataset5__uav1_1,uav1,1555,0.75492,199,1555.0,0.00333,0.00039,0.0168,0.40725,0.35994,3.14936,0.10743,0.94226,0.30429,
localvids,dataset3__uav1,uav,751,0.79953,200,751.0,0.00041,0.00024,0.00115,0.14304,0.23789,5.29438,0.25578,0.97975,0.93841,
localvids,dataset3__basketball_player1,basketball_player,1047,0.68614,201,1047.0,0.00124,0.00013,0.00286,0.24936,0.31876,3.2875,0.106,0.96477,0.30313,
localvids,dataset2__BMX2,BMX,160,0.57548,202,160.0,0.00632,0.00261,0.01981,0.16906,0.3837,7.84466,0.10499,0.92049,0.20764,
localvids,dataset3__group2,group,1534,0.65336,203,1534.0,0.00013,8e-05,0.00026,0.09674,0.30974,1.37894,0.12098,0.98859,0.25507,
localvids,dataset3__car12,car,78,0.903,204,78.0,0.00077,0.00031,0.07314,1.07091,0.14741,10.50232,0.12178,0.97225,0.2554,
localvids,dataset2__StreetBasketball2,StreetBasketball,114,0.6088,205,114.0,0.00174,0.00118,0.0024,0.08975,0.10822,9.88883,0.25168,0.95833,0.5921,
localvids,dataset5__bike3,bike,433,0.72553,206,433.0,0.00019,3e-05,0.00218,0.50792,0.2428,1.36607,0.07801,0.98638,0.18257,
localvids,dataset3__football_player1_1,football_player1,519,0.7181,207,519.0,0.0003,0.00011,0.0007,0.20928,0.29771,3.46314,0.20562,0.98273,0.51041,
localvids,dataset5__car1_2,car1,877,0.58934,208,877.0,0.0011,0.00039,0.00161,0.10957,0.31457,1.95929,0.06074,0.96686,0.1578,
localvids,dataset5__wakeboard4,wakeboard,697,0.60867,209,697.0,0.00276,0.00111,0.0051,0.18477,0.33825,4.05461,0.08052,0.94744,0.19125,
localvids,dataset2__Animal4,Animal,167,0.64898,210,167.0,0.00443,0.00173,0.01146,0.20207,0.25914,15.57642,0.24799,0.93346,0.51261,
localvids,dataset3__car16_3,car16,1,0.25388,211,1.0,0.03472,0.03472,0.03472,0.0,0.0,0.0,0.0,0.81367,0.0,
localvids,dataset2__Car5,Car,1,0.38291,212,1.0,0.00167,0.00167,0.00167,0.0,0.0,0.0,0.0,0.95918,0.0,
localvids,dataset2__RcCar5,RcCar,330,0.66657,213,330.0,0.00414,0.00159,0.02376,0.31936,0.27797,12.26346,0.17943,0.93565,0.36891,
localvids,dataset3__car6_2,car6,1,0.38745,214,1.0,0.00127,0.00127,0.00127,0.0,0.0,0.0,0.0,0.96429,0.0,
localvids,dataset5__group1_4,group1,949,0.557,215,949.0,0.00242,0.00076,0.00426,0.1332,0.24552,2.31127,0.05154,0.95078,0.1166,
localvids,dataset2__SnowBoarding6,SnowBoarding,100,0.55805,216,100.0,0.00376,0.00168,0.00618,0.12257,0.27194,6.10566,0.1021,0.93865,0.26543,
localvids,dataset2__Surfing04,Surfing,158,0.6163,217,158.0,0.00247,0.0014,0.00655,0.21998,0.37352,5.14759,0.10727,0.95031,0.20123,
localvids,dataset5__person14_1,person14,847,0.51915,218,847.0,0.00128,0.0002,0.00186,0.09921,0.14197,1.36658,0.04396,0.96422,0.09505,
localvids,dataset5__group3_1,group3,1567,0.5212,219,1567.0,0.00114,0.0003,0.0015,0.06775,0.13181,0.57112,0.01829,0.96625,0.0501,
localvids,dataset5__truck2,truck,385,0.58915,220,385.0,0.00084,0.00041,0.00266,0.23322,0.11089,3.08414,0.10236,0.97102,0.24165,
localvids,dataset2__SUP2,SUP,133,0.5404,221,133.0,0.00429,0.00227,0.0084,0.1681,0.18627,7.28283,0.11756,0.93452,0.23101,
localvids,dataset5__boat6,boat,805,0.78417,222,805.0,0.0016,0.00044,0.12574,0.92161,0.06218,0.82235,0.01623,0.95994,0.04522,
localvids,dataset2__MountainBike1,MountainBike,109,0.53385,223,109.0,0.00199,0.00109,0.00285,0.1095,0.31915,2.01898,0.04757,0.95544,0.09144,
localvids,dataset5__person18,person,1393,0.49749,224,1393.0,0.03972,0.00396,0.07076,0.19256,0.46417,2.47937,0.0137,0.8007,0.03135,
localvids,dataset5__building2,building,577,0.51157,225,577.0,0.00214,0.00148,0.0074,0.22283,0.05709,1.2719,0.02554,0.95374,0.05245,
localvids,dataset3__car7_1,car7,1,0.35453,226,1.0,0.0053,0.0053,0.0053,0.0,0.0,0.0,0.0,0.92717,0.0,
localvids,dataset3__human2,human,224,0.56736,227,224.0,0.01398,0.0053,0.06733,0.23813,0.28808,28.10537,0.15738,0.88178,0.29487,
localvids,dataset1__basketball_2,basketball,1,0.38798,228,1.0,0.00123,0.00123,0.00123,0.0,0.0,0.0,0.0,0.96489,0.0,
localvids,dataset5__group2_1,group2,1,0.38473,229,1.0,0.0015,0.0015,0.0015,0.0,0.0,0.0,0.0,0.96122,0.0,
localvids,dataset1__Car_video,Car_video,1,0.25247,230,1.0,0.03532,0.03532,0.03532,0.0,0.0,0.0,0.0,0.81207,0.0,
localvids,dataset5__person19_2,person19,1,0.33144,231,1.0,0.00978,0.00978,0.00978,0.0,0.0,0.0,0.0,0.90113,0.0,
localvids,dataset5__uav2,uav,1,0.40866,232,1.0,0.00014,0.00014,0.00014,0.0,0.0,0.0,0.0,0.98821,0.0,
localvids,dataset2__BMX4,BMX,364,0.68319,233,364.0,0.01141,0.00175,0.03569,0.29426,0.48084,8.82921,0.10731,0.89318,0.39986,
localvids,dataset4__group2,group,1,0.38473,234,1.0,0.0015,0.0015,0.0015,0.0,0.0,0.0,0.0,0.96122,0.0,
localvids,dataset4__car6,car,4861,0.78987,235,4861.0,0.0228,0.00215,0.18632,0.52402,0.45663,1.58962,0.01106,0.84902,0.02957,
localvids,dataset3__bike3,bike,234,0.54834,236,234.0,0.00574,0.00269,0.00913,0.13903,0.43093,3.47943,0.03105,0.92421,0.07987,
localvids,dataset5__wakeboard8,wakeboard,1543,0.72716,237,1543.0,0.00037,0.00011,0.00316,0.369,0.26266,2.08353,0.09599,0.98065,0.22565,
localvids,dataset2__Animal2,Animal,149,0.6556,238,149.0,0.00078,0.00032,0.00212,0.25994,0.39551,3.47531,0.11866,0.97205,0.2001,
localvids,dataset3__car16_2,car16,254,0.64782,239,254.0,0.01299,0.00281,0.0586,0.4594,0.37705,15.45886,0.09015,0.88604,0.18346,
localvids,dataset2__Car8,Car,319,0.63215,240,319.0,0.0047,0.00298,0.04951,0.35699,0.20169,4.24295,0.0618,0.93142,0.2805,
localvids,dataset2__RcCar7,RcCar,287,0.67383,241,287.0,0.00156,0.00079,0.00398,0.16681,0.25821,10.29132,0.26648,0.96047,0.54868,
localvids,dataset5__car6_4,car6,973,0.6202,242,973.0,0.00448,0.00215,0.02324,0.45909,0.17242,1.28798,0.01355,0.93306,0.03002,
localvids,dataset5__group1_2,group1,1183,0.53104,243,1183.0,0.00272,0.00075,0.0034,0.10066,0.21602,1.21304,0.02572,0.9478,0.07184,
localvids,dataset2__Surfing10,Surfing,165,0.57619,244,165.0,0.00087,0.00035,0.00131,0.13249,0.23886,2.70397,0.0977,0.97043,0.23832,
localvids,dataset3__group3_3,group3,300,0.54361,245,300.0,0.00376,0.00128,0.00964,0.18009,0.17627,7.94002,0.091,0.9387,0.19963,
localvids,dataset3__truck,truck,1,0.37144,246,1.0,0.00289,0.00289,0.00289,0.0,0.0,0.0,0.0,0.94624,0.0,
localvids,dataset5__boat7,boat,535,0.56387,247,535.0,0.01107,0.005,0.02324,0.24107,0.41683,3.72578,0.03621,0.89477,0.06633,
localvids,dataset4__person4,person,1,0.38132,248,1.0,0.00182,0.00182,0.00182,0.0,0.0,0.0,0.0,0.95738,0.0,
localvids,dataset5__building5,building,481,0.45861,249,481.0,0.00148,0.00148,0.00172,0.00961,0.0032,1.48969,0.0401,0.96153,0.18954,
localvids,dataset3__human1,human,1,0.31853,250,1.0,0.01286,0.01286,0.01286,0.0,0.0,0.0,0.0,0.88658,0.0,
localvids,dataset1__Car_video_4,Car_video,1,0.40079,251,1.0,0.00043,0.00043,0.00043,0.0,0.0,0.0,0.0,0.97933,0.0,
localvids,dataset3__uav2,uav,1520,0.87019,252,1520.0,0.00057,0.00012,0.01901,0.48313,0.29973,7.08482,0.24528,0.97608,0.57915,
localvids,dataset3__group4,group,329,0.5465,253,329.0,0.00266,0.00134,0.00998,0.27292,0.1364,3.8241,0.04443,0.94842,0.08646,
localvids,dataset5__car2,car,1321,0.62537,254,1321.0,0.00076,0.00028,0.00127,0.13325,0.41323,0.92516,0.03356,0.97238,0.08247,
localvids,dataset3__bike5,bike,1188,0.61461,255,1188.0,0.00089,0.0001,0.00161,0.11172,0.24418,3.06371,0.10957,0.97019,0.26365,
localvids,dataset5__wakeboard1,wakeboard,421,0.64071,256,421.0,0.00604,0.00071,0.02465,0.43362,0.25125,4.7639,0.06602,0.92227,0.17442,
localvids,dataset3__car16_1,car16,100,0.43273,257,100.0,0.01725,0.01135,0.04754,0.22174,0.13475,5.07522,0.02486,0.86867,0.03071,
localvids,dataset2__Car4,Car,1,0.34828,258,1.0,0.00638,0.00638,0.00638,0.0,0.0,0.0,0.0,0.92012,0.0,
localvids,dataset2__RcCar8,RcCar,211,0.71537,259,211.0,0.00326,0.00079,0.00948,0.28588,0.25207,15.90993,0.29505,0.94295,0.6128,
localvids,dataset5__car6_1,car6,487,0.42217,260,487.0,0.02374,0.01436,0.04892,0.19298,0.17456,0.92371,0.0059,0.84592,0.01334,
localvids,dataset2__Surfing06,Surfing,1,0.3733,261,1.0,0.00267,0.00267,0.00267,0.0,0.0,0.0,0.0,0.94834,0.0,
localvids,dataset5__group3_4,group3,1159,0.56147,262,1159.0,0.0014,0.00034,0.0034,0.15268,0.17926,1.83973,0.05546,0.96256,0.10401,
localvids,dataset5__boat2,boat,799,0.39104,263,799.0,0.02734,0.01576,0.03568,0.13899,0.1249,0.65294,0.00419,0.83464,0.01513,
localvids,dataset4__person7,person,2065,0.67583,264,2065.0,0.00592,0.00062,0.01564,0.19278,0.40227,6.94552,0.09448,0.92309,0.25719,
localvids,dataset5__building1,building,1,0.37603,265,1.0,0.00236,0.00236,0.00236,0.0,0.0,0.0,0.0,0.95141,0.0,
localvids,dataset3__human4,human,1,0.33535,266,1.0,0.00892,0.00892,0.00892,0.0,0.0,0.0,0.0,0.90555,0.0,
localvids,dataset5__uav6,uav,109,0.94647,267,109.0,0.00025,0.00021,0.00519,0.70038,0.17278,6.43421,0.3759,0.98404,0.8556,
localvids,dataset4__group1,group,4873,0.69668,268,4873.0,0.00272,0.00029,0.00549,0.14893,0.21516,1.90422,0.0416,0.9478,0.11116,
localvids,dataset5__car12,car,499,0.82134,269,499.0,0.00111,0.00011,0.00764,0.58741,0.31037,5.76494,0.2027,0.96665,0.41667,
localvids,dataset3__bike8,bike,327,0.51224,270,327.0,0.00797,0.00329,0.0238,0.25581,0.16994,5.21284,0.04079,0.9107,0.07423,
localvids,dataset5__wakeboard9,wakeboard,355,0.57282,271,355.0,0.00043,0.00028,0.00089,0.13905,0.15954,2.15611,0.10194,0.97917,0.24003,
localvids,dataset2__RcCar4,RcCar,1,0.35571,272,1.0,0.00511,0.00511,0.00511,0.0,0.0,0.0,0.0,0.9285,0.0,
localvids,dataset5__car6_5,car6,937,0.54022,273,937.0,0.02379,0.01377,0.073,0.20688,0.51638,2.18959,0.01349,0.84576,0.03333,
localvids,dataset3__group3_2,group3,1,0.33925,274,1.0,0.00811,0.00811,0.00811,0.0,0.0,0.0,0.0,0.90993,0.0,
localvids,dataset5__boat4,boat,553,0.43584,275,553.0,0.01868,0.00845,0.0226,0.09703,0.28861,0.6095,0.0049,0.86331,0.0173,
localvids,dataset5__person9,person,661,0.5274,276,661.0,0.0057,0.0026,0.01509,0.14872,0.23143,4.93034,0.06587,0.92451,0.12546,
localvids,dataset3__human5,human,1,0.32833,277,1.0,0.01048,0.01048,0.01048,0.0,0.0,0.0,0.0,0.89762,0.0,
localvids,dataset5__uav4,uav,157,0.79009,278,157.0,0.00034,0.00034,0.00207,0.3427,0.19119,4.77544,0.3404,0.9816,0.75147,
localvids,dataset3__car15,car,159,0.60122,279,159.0,0.00277,0.00093,0.02767,0.52548,0.02401,3.59783,0.03818,0.94739,0.07959,
localvids,dataset3__bike6,bike,1118,0.7205,280,1118.0,0.00374,0.0002,0.06879,0.55297,0.28982,4.27168,0.04837,0.93885,0.11769,
localvids,dataset5__wakeboard3,wakeboard,823,0.74042,281,823.0,0.00076,0.00027,0.00614,0.441,0.31458,2.5825,0.08146,0.9725,0.25064,
localvids,dataset2__RcCar6,RcCar,1,0.37523,282,1.0,0.00245,0.00245,0.00245,0.0,0.0,0.0,0.0,0.95051,0.0,
localvids,dataset5__car6_3,car6,1147,0.61815,283,1147.0,0.01012,0.00229,0.03034,0.43706,0.28776,0.92324,0.00874,0.89943,0.02564,
localvids,dataset5__group3_3,group3,1543,0.60175,284,1543.0,0.00159,0.00075,0.00301,0.12227,0.33545,1.50705,0.04053,0.96016,0.09619,
localvids,dataset5__boat3,boat,1,0.29904,285,1.0,0.01833,0.01833,0.01833,0.0,0.0,0.0,0.0,0.8646,0.0,
localvids,dataset5__person11,person,721,0.58957,286,721.0,0.00347,0.00134,0.00676,0.13889,0.41428,3.28819,0.05778,0.94109,0.12645,
localvids,dataset3__uav4,uav,1533,0.78293,287,1533.0,0.00084,1e-05,0.00407,0.29268,0.26048,6.15778,0.23287,0.97102,0.57111,
localvids,dataset3__car14,car,1690,0.73121,288,1690.0,0.00049,0.0001,0.00181,0.47388,0.23048,1.15354,0.05204,0.97776,0.11781,
localvids,dataset5__bike2,bike,553,0.60712,289,553.0,0.00016,6e-05,0.00041,0.20305,0.25978,0.69328,0.05236,0.98754,0.12599,
localvids,dataset5__wakeboard2,wakeboard,733,0.60766,290,733.0,0.00287,0.00088,0.00869,0.21281,0.24693,5.00786,0.09601,0.94642,0.23715,
localvids,dataset5__boat1,boat,901,0.47827,291,901.0,0.01465,0.01125,0.05365,0.22372,0.16912,0.82623,0.00633,0.87897,0.01863,
localvids,dataset4__person19,person,1,0.24225,292,1.0,0.03978,0.03978,0.03978,0.0,0.0,0.0,0.0,0.80055,0.0,
localvids,dataset5__uav8,uav,301,0.8126,293,301.0,0.00038,0.00021,0.00411,0.47647,0.20569,4.28014,0.31718,0.98061,0.6206,
localvids,dataset4__car16,car,1993,0.90443,294,1993.0,0.0031,0.00037,0.26183,0.94988,0.30281,3.29473,0.04837,0.94433,0.10222,
localvids,dataset3__bike2,bike,840,0.54991,295,840.0,0.00194,0.00159,0.00322,0.07909,0.35575,1.65773,0.02519,0.95596,0.05435,
localvids,dataset5__wakeboard7,wakeboard,1,0.40023,296,1.0,0.00045,0.00045,0.00045,0.0,0.0,0.0,0.0,0.9787,0.0,
localvids,dataset5__boat5,boat,1,0.27471,297,1.0,0.02652,0.02652,0.02652,0.0,0.0,0.0,0.0,0.83715,0.0,
localvids,dataset5__person3,person,643,0.52227,298,643.0,0.00301,0.00187,0.00748,0.19947,0.06786,2.30434,0.04163,0.94516,0.13239,
localvids,dataset3__uav5,uav,426,0.48223,299,426.0,0.00124,0.00081,0.0017,0.06246,0.13351,1.17771,0.03488,0.96483,0.07321,
localvids,dataset3__car3,car,2371,0.59232,300,2371.0,0.00012,6e-05,0.00021,0.08994,0.11927,0.56214,0.05303,0.98907,0.10941,
localvids,dataset5__bike1,bike,3085,0.75633,301,3085.0,0.00594,0.00214,0.08002,0.53469,0.28216,2.53699,0.02815,0.92293,0.06438,
localvids,dataset5__wakeboard6,wakeboard,1,0.40048,302,1.0,0.00044,0.00044,0.00044,0.0,0.0,0.0,0.0,0.97899,0.0,
localvids,dataset4__person17,person,2347,0.57776,303,2347.0,0.00217,0.00078,0.00932,0.15887,0.13507,1.39927,0.02919,0.95342,0.06577,
localvids,dataset5__uav3,uav,265,0.77401,304,265.0,0.00069,0.00029,0.00275,0.32749,0.13613,5.38912,0.33457,0.97365,0.77817,
localvids,dataset5__car4,car,1,0.38813,305,1.0,0.00122,0.00122,0.00122,0.0,0.0,0.0,0.0,0.96506,0.0,
localvids,dataset5__person22,person,199,0.51997,306,199.0,0.00071,0.00037,0.001,0.12332,0.11112,1.56222,0.06668,0.97332,0.15456,
localvids,dataset5__uav7,uav,1,0.37726,307,1.0,0.00223,0.00223,0.00223,0.0,0.0,0.0,0.0,0.9528,0.0,
localvids,dataset3__car10,car,291,0.79119,308,291.0,0.00049,0.00015,0.02316,0.83346,0.17422,2.71001,0.03953,0.97788,0.09379,
localvids,dataset5__person13,person,883,0.45809,309,883.0,0.00392,0.003,0.00453,0.04971,0.07348,1.70482,0.02868,0.93741,0.08742,
